Дата_и_Время,Цена_ЭЭ,sin_час,cos_час,День,Цена_EUR,Цена_USD,Цена_газ,Цена_нефть
2024-05-01 00:00:00,1266.51,0.0,1.0,1,98.027609375,90.6461961722488,1.943,85.56
2024-05-01 01:00:00,1297.87,0.2588190451025207,0.9659258262890684,1,98.027609375,90.6461961722488,1.944,85.65
2024-05-01 02:00:00,1107.81,0.4999999999999999,0.8660254037844387,1,98.027609375,90.6461961722488,1.936,85.64
2024-05-01 03:00:00,1141.58,0.7071067811865476,0.7071067811865476,1,98.027609375,90.6461961722488,1.931,85.61
2024-05-01 04:00:00,1040.74,0.8660254037844386,0.5000000000000001,1,98.027609375,90.6461961722488,1.937,85.66
2024-05-01 05:00:00,1005.66,0.9659258262890684,0.2588190451025207,1,98.027609375,90.6461961722488,1.936,85.67
2024-05-01 06:00:00,1073.28,1.0,6.123233995736766e-17,1,98.027609375,90.6461961722488,1.93,85.51
2024-05-01 07:00:00,1237.42,0.9659258262890684,-0.2588190451025206,1,98.027609375,90.6461961722488,1.934,85.26
2024-05-01 08:00:00,1332.71,0.8660254037844387,-0.4999999999999998,1,98.027609375,90.6461961722488,1.946,85.09
2024-05-01 09:00:00,1557.08,0.7071067811865476,-0.7071067811865475,1,98.027609375,90.6461961722488,1.933,84.91
2024-05-01 10:00:00,1699.33,0.4999999999999999,-0.8660254037844387,1,98.027609375,90.6461961722488,1.92,85.25
2024-05-01 11:00:00,1627.3,0.258819045102521,-0.9659258262890682,1,98.027609375,90.6461961722488,1.935,85.0
2024-05-01 12:00:00,1605.39,1.2246467991473532e-16,-1.0,1,98.027609375,90.6461961722488,1.941,85.12
2024-05-01 13:00:00,1636.38,-0.2588190451025208,-0.9659258262890684,1,98.027609375,90.6461961722488,1.938,85.57
2024-05-01 14:00:00,1591.35,-0.4999999999999997,-0.8660254037844388,1,98.027609375,90.6461961722488,1.942,84.55
2024-05-01 15:00:00,1543.65,-0.7071067811865471,-0.7071067811865479,1,98.027609375,90.6461961722488,1.934,83.56
2024-05-01 16:00:00,1519.54,-0.8660254037844385,-0.5000000000000004,1,98.027609375,90.6461961722488,1.931,83.7
2024-05-01 17:00:00,1528.55,-0.9659258262890684,-0.2588190451025206,1,98.027609375,90.6461961722488,1.9387391304347827,83.56
2024-05-01 18:00:00,1615.35,-1.0,-1.8369701987210287e-16,1,98.027609375,90.6461961722488,1.932,83.59
2024-05-01 19:00:00,1734.86,-0.9659258262890684,0.2588190451025203,1,98.027609375,90.6461961722488,1.938,83.42
2024-05-01 20:00:00,1849.62,-0.8660254037844386,0.5000000000000001,1,98.027609375,90.6461961722488,1.95,83.52
2024-05-01 21:00:00,1765.89,-0.7071067811865477,0.7071067811865474,1,98.027609375,90.6461961722488,1.949,83.58
2024-05-01 22:00:00,1447.77,-0.5000000000000004,0.8660254037844384,1,98.027609375,90.6461961722488,1.954,84.72
2024-05-01 23:00:00,1266.49,-0.2588190451025215,0.965925826289068,1,98.027609375,90.6461961722488,1.957,83.58
2024-05-02 00:00:00,1249.6,0.0,1.0,2,98.9103125,92.22409090909092,1.955,83.63
2024-05-02 01:00:00,1147.27,0.2588190451025207,0.9659258262890684,2,98.9103125,92.22409090909092,1.956,83.72
2024-05-02 02:00:00,1120.21,0.4999999999999999,0.8660254037844387,2,98.9103125,92.22409090909092,1.962,83.85
2024-05-02 03:00:00,1061.12,0.7071067811865476,0.7071067811865476,2,98.9103125,92.22409090909092,1.977,83.92
2024-05-02 04:00:00,1093.11,0.8660254037844386,0.5000000000000001,2,98.9103125,92.22409090909092,1.978,83.97
2024-05-02 05:00:00,1139.9,0.9659258262890684,0.2588190451025207,2,98.9103125,92.22409090909092,1.973,83.98
2024-05-02 06:00:00,1272.36,1.0,6.123233995736766e-17,2,98.9103125,92.22409090909092,1.968,83.92
2024-05-02 07:00:00,1501.11,0.9659258262890684,-0.2588190451025206,2,99.775,93.0,1.958,84.18
2024-05-02 08:00:00,1826.16,0.8660254037844387,-0.4999999999999998,2,99.6,92.905,1.962,84.21
2024-05-02 09:00:00,1898.54,0.7071067811865476,-0.7071067811865475,2,99.22,92.55,1.988,84.24
2024-05-02 10:00:00,1893.23,0.4999999999999999,-0.8660254037844387,2,98.8925,92.2475,2.022,83.94
2024-05-02 11:00:00,1864.15,0.258819045102521,-0.9659258262890682,2,98.485,91.925,2.032,84.3
2024-05-02 12:00:00,1887.61,1.2246467991473532e-16,-1.0,2,98.3925,91.77,2.033,83.7
2024-05-02 13:00:00,1926.31,-0.2588190451025208,-0.9659258262890684,2,98.4325,91.8125,2.037,83.47
2024-05-02 14:00:00,1941.51,-0.4999999999999997,-0.8660254037844388,2,98.485,91.9,2.041,83.34
2024-05-02 15:00:00,1886.13,-0.7071067811865471,-0.7071067811865479,2,98.9103125,92.045,2.034,83.22
2024-05-02 16:00:00,1887.55,-0.8660254037844385,-0.5000000000000004,2,98.9103125,92.205,2.029,83.72
2024-05-02 17:00:00,1841.29,-0.9659258262890684,-0.2588190451025206,2,98.9103125,92.105,2.002391304347826,83.56
2024-05-02 18:00:00,1838.23,-1.0,-1.8369701987210287e-16,2,98.9103125,92.22409090909092,2.034,83.78
2024-05-02 19:00:00,1889.54,-0.9659258262890684,0.2588190451025203,2,98.9103125,92.22409090909092,2.032,83.63
2024-05-02 20:00:00,1967.71,-0.8660254037844386,0.5000000000000001,2,98.9103125,92.22409090909092,2.028,83.78
2024-05-02 21:00:00,1824.14,-0.7071067811865477,0.7071067811865474,2,98.9103125,92.22409090909092,2.023,83.7
2024-05-02 22:00:00,1475.77,-0.5000000000000004,0.8660254037844384,2,98.9103125,92.22409090909092,2.02,83.80260869565218
2024-05-02 23:00:00,1297.35,-0.2588190451025215,0.965925826289068,2,98.9103125,92.22409090909092,2.013,83.7
2024-05-03 00:00:00,1162.63,0.0,1.0,3,98.540625,91.65795454545454,2.017,84.06
2024-05-03 01:00:00,1099.73,0.2588190451025207,0.9659258262890684,3,98.540625,91.65795454545454,2.016,83.93
2024-05-03 02:00:00,1004.21,0.4999999999999999,0.8660254037844387,3,98.540625,91.65795454545454,2.021,83.85
2024-05-03 03:00:00,1003.75,0.7071067811865476,0.7071067811865476,3,98.540625,91.65795454545454,2.031,83.95
2024-05-03 04:00:00,1048.8,0.8660254037844386,0.5000000000000001,3,98.540625,91.65795454545454,2.039,83.86
2024-05-03 05:00:00,1146.55,0.9659258262890684,0.2588190451025207,3,98.540625,91.65795454545454,2.029,83.92
2024-05-03 06:00:00,1322.51,1.0,6.123233995736766e-17,3,98.540625,91.65795454545454,2.024,83.93
2024-05-03 07:00:00,1584.12,0.9659258262890684,-0.2588190451025206,3,98.695,91.95,2.049,84.0
2024-05-03 08:00:00,1775.68,0.8660254037844387,-0.4999999999999998,3,98.7025,91.9075,2.06,83.83
2024-05-03 09:00:00,1876.66,0.7071067811865476,-0.7071067811865475,3,98.7025,91.9725,2.044,83.67
2024-05-03 10:00:00,1899.78,0.4999999999999999,-0.8660254037844387,3,98.5125,91.73,2.061,83.95
2024-05-03 11:00:00,1891.95,0.258819045102521,-0.9659258262890682,3,98.4125,91.6025,2.126,84.09
2024-05-03 12:00:00,1886.36,1.2246467991473532e-16,-1.0,3,98.3825,91.5225,2.148,83.88
2024-05-03 13:00:00,1901.22,-0.2588190451025208,-0.9659258262890684,3,98.3325,91.5575,2.143,83.51
2024-05-03 14:00:00,1872.78,-0.4999999999999997,-0.8660254037844388,3,98.585,91.615,2.156,83.28
2024-05-03 15:00:00,1869.11,-0.7071067811865471,-0.7071067811865479,3,98.540625,91.515,2.145,83.18
2024-05-03 16:00:00,1870.5,-0.8660254037844385,-0.5000000000000004,3,98.540625,91.4625,2.15,83.2
2024-05-03 17:00:00,1849.44,-0.9659258262890684,-0.2588190451025206,3,98.540625,91.4025,2.074058823529412,83.1
2024-05-03 18:00:00,1812.99,-1.0,-1.8369701987210287e-16,3,98.540625,91.65795454545454,2.074058823529412,82.87
2024-05-03 19:00:00,1827.69,-0.9659258262890684,0.2588190451025203,3,98.540625,91.65795454545454,2.074058823529412,82.95
2024-05-03 20:00:00,1925.25,-0.8660254037844386,0.5000000000000001,3,98.540625,91.65795454545454,2.074058823529412,82.85
2024-05-03 21:00:00,1835.4,-0.7071067811865477,0.7071067811865474,3,98.540625,91.65795454545454,2.074058823529412,82.78
2024-05-03 22:00:00,1528.52,-0.5000000000000004,0.8660254037844384,3,98.540625,91.65795454545454,2.074058823529412,83.57454545454546
2024-05-03 23:00:00,1309.76,-0.2588190451025215,0.965925826289068,3,98.540625,91.65795454545454,2.074058823529412,83.57454545454546
2024-05-04 00:00:00,1411.9,0.0,1.0,4,98.027609375,90.6461961722488,2.454243761996161,83.14148007590134
2024-05-04 01:00:00,1350.71,0.2588190451025207,0.9659258262890684,4,98.027609375,90.6461961722488,2.454243761996161,83.14148007590134
2024-05-04 02:00:00,1246.54,0.4999999999999999,0.8660254037844387,4,98.027609375,90.6461961722488,2.454243761996161,83.14148007590134
2024-05-04 03:00:00,1148.56,0.7071067811865476,0.7071067811865476,4,98.027609375,90.6461961722488,2.454243761996161,83.14148007590134
2024-05-04 04:00:00,1147.69,0.8660254037844386,0.5000000000000001,4,98.027609375,90.6461961722488,2.454243761996161,83.14148007590134
2024-05-04 05:00:00,1141.12,0.9659258262890684,0.2588190451025207,4,98.027609375,90.6461961722488,2.454243761996161,83.14148007590134
2024-05-04 06:00:00,1309.1,1.0,6.123233995736766e-17,4,98.027609375,90.6461961722488,2.454243761996161,83.14148007590134
2024-05-04 07:00:00,1530.89,0.9659258262890684,-0.2588190451025206,4,98.027609375,90.6461961722488,2.454243761996161,83.14148007590134
2024-05-04 08:00:00,1838.96,0.8660254037844387,-0.4999999999999998,4,98.027609375,90.6461961722488,2.454243761996161,83.14148007590134
2024-05-04 09:00:00,2013.11,0.7071067811865476,-0.7071067811865475,4,98.027609375,90.6461961722488,2.454243761996161,83.14148007590134
2024-05-04 10:00:00,2036.74,0.4999999999999999,-0.8660254037844387,4,98.027609375,90.6461961722488,2.454243761996161,83.14148007590134
2024-05-04 11:00:00,2018.11,0.258819045102521,-0.9659258262890682,4,98.027609375,90.6461961722488,2.454243761996161,83.14148007590134
2024-05-04 12:00:00,2018.22,1.2246467991473532e-16,-1.0,4,98.027609375,90.6461961722488,2.454243761996161,83.14148007590134
2024-05-04 13:00:00,2018.43,-0.2588190451025208,-0.9659258262890684,4,98.027609375,90.6461961722488,2.454243761996161,83.14148007590134
2024-05-04 14:00:00,2006.17,-0.4999999999999997,-0.8660254037844388,4,98.027609375,90.6461961722488,2.454243761996161,83.14148007590134
2024-05-04 15:00:00,1773.9,-0.7071067811865471,-0.7071067811865479,4,98.027609375,90.6461961722488,2.454243761996161,83.14148007590134
2024-05-04 16:00:00,1773.13,-0.8660254037844385,-0.5000000000000004,4,98.027609375,90.6461961722488,2.454243761996161,83.14148007590134
2024-05-04 17:00:00,1679.85,-0.9659258262890684,-0.2588190451025206,4,98.027609375,90.6461961722488,2.454243761996161,83.14148007590134
2024-05-04 18:00:00,1723.58,-1.0,-1.8369701987210287e-16,4,98.027609375,90.6461961722488,2.454243761996161,83.14148007590134
2024-05-04 19:00:00,1811.5,-0.9659258262890684,0.2588190451025203,4,98.027609375,90.6461961722488,2.454243761996161,83.14148007590134
2024-05-04 20:00:00,1909.33,-0.8660254037844386,0.5000000000000001,4,98.027609375,90.6461961722488,2.454243761996161,83.14148007590134
2024-05-04 21:00:00,1819.13,-0.7071067811865477,0.7071067811865474,4,98.027609375,90.6461961722488,2.454243761996161,83.14148007590134
2024-05-04 22:00:00,1483.13,-0.5000000000000004,0.8660254037844384,4,98.027609375,90.6461961722488,2.454243761996161,83.14148007590134
2024-05-04 23:00:00,1373.21,-0.2588190451025215,0.965925826289068,4,98.027609375,90.6461961722488,2.454243761996161,83.14148007590134
2024-05-05 00:00:00,1306.96,0.0,1.0,5,98.027609375,90.6461961722488,2.158166666666667,83.285
2024-05-05 01:00:00,1127.58,0.2588190451025207,0.9659258262890684,5,98.027609375,90.6461961722488,2.158166666666667,83.285
2024-05-05 02:00:00,1103.87,0.4999999999999999,0.8660254037844387,5,98.027609375,90.6461961722488,2.158166666666667,83.285
2024-05-05 03:00:00,1073.3,0.7071067811865476,0.7071067811865476,5,98.027609375,90.6461961722488,2.158166666666667,83.285
2024-05-05 04:00:00,1056.33,0.8660254037844386,0.5000000000000001,5,98.027609375,90.6461961722488,2.158166666666667,83.285
2024-05-05 05:00:00,1118.48,0.9659258262890684,0.2588190451025207,5,98.027609375,90.6461961722488,2.158166666666667,83.285
2024-05-05 06:00:00,1005.77,1.0,6.123233995736766e-17,5,98.027609375,90.6461961722488,2.158166666666667,83.285
2024-05-05 07:00:00,1136.8,0.9659258262890684,-0.2588190451025206,5,98.027609375,90.6461961722488,2.158166666666667,83.285
2024-05-05 08:00:00,1398.57,0.8660254037844387,-0.4999999999999998,5,98.027609375,90.6461961722488,2.158166666666667,83.285
2024-05-05 09:00:00,1561.92,0.7071067811865476,-0.7071067811865475,5,98.027609375,90.6461961722488,2.158166666666667,83.285
2024-05-05 10:00:00,1608.89,0.4999999999999999,-0.8660254037844387,5,98.027609375,90.6461961722488,2.158166666666667,83.285
2024-05-05 11:00:00,1634.05,0.258819045102521,-0.9659258262890682,5,98.027609375,90.6461961722488,2.158166666666667,83.285
2024-05-05 12:00:00,1585.19,1.2246467991473532e-16,-1.0,5,98.027609375,90.6461961722488,2.158166666666667,83.285
2024-05-05 13:00:00,1583.12,-0.2588190451025208,-0.9659258262890684,5,98.027609375,90.6461961722488,2.158166666666667,83.285
2024-05-05 14:00:00,1577.49,-0.4999999999999997,-0.8660254037844388,5,98.027609375,90.6461961722488,2.158166666666667,83.285
2024-05-05 15:00:00,1478.8,-0.7071067811865471,-0.7071067811865479,5,98.027609375,90.6461961722488,2.158166666666667,83.285
2024-05-05 16:00:00,1468.58,-0.8660254037844385,-0.5000000000000004,5,98.027609375,90.6461961722488,2.158166666666667,83.285
2024-05-05 17:00:00,1477.49,-0.9659258262890684,-0.2588190451025206,5,98.027609375,90.6461961722488,2.158166666666667,83.285
2024-05-05 18:00:00,1543.73,-1.0,-1.8369701987210287e-16,5,98.027609375,90.6461961722488,2.184,83.285
2024-05-05 19:00:00,1725.73,-0.9659258262890684,0.2588190451025203,5,98.027609375,90.6461961722488,2.16,83.285
2024-05-05 20:00:00,1862.5,-0.8660254037844386,0.5000000000000001,5,98.027609375,90.6461961722488,2.156,83.285
2024-05-05 21:00:00,1804.19,-0.7071067811865477,0.7071067811865474,5,98.027609375,90.6461961722488,2.154,83.285
2024-05-05 22:00:00,1451.02,-0.5000000000000004,0.8660254037844384,5,98.027609375,90.6461961722488,2.147,83.34
2024-05-05 23:00:00,1367.62,-0.2588190451025215,0.965925826289068,5,98.027609375,90.6461961722488,2.148,83.23
2024-05-06 00:00:00,1170.81,0.0,1.0,6,98.555,91.39022727272727,2.153,83.09
2024-05-06 01:00:00,1081.13,0.2588190451025207,0.9659258262890684,6,98.555,91.39022727272727,2.152,83.23
2024-05-06 02:00:00,1001.73,0.4999999999999999,0.8660254037844387,6,98.555,91.39022727272727,2.15,83.15
2024-05-06 03:00:00,996.51,0.7071067811865476,0.7071067811865476,6,98.555,91.39022727272727,2.147,83.21
2024-05-06 04:00:00,1003.02,0.8660254037844386,0.5000000000000001,6,98.555,91.39022727272727,2.14,83.22
2024-05-06 05:00:00,1138.2,0.9659258262890684,0.2588190451025207,6,98.555,91.39022727272727,2.147,83.42
2024-05-06 06:00:00,1304.78,1.0,6.123233995736766e-17,6,98.555,91.39022727272727,2.154,83.61
2024-05-06 07:00:00,1579.4,0.9659258262890684,-0.2588190451025206,6,98.9525,91.9275,2.181,83.55
2024-05-06 08:00:00,2140.974,0.8660254037844387,-0.4999999999999998,6,98.96,91.885,2.199,83.69
2024-05-06 09:00:00,2140.974,0.7071067811865476,-0.7071067811865475,6,98.6325,91.5675,2.202,83.65
2024-05-06 10:00:00,2140.974,0.4999999999999999,-0.8660254037844387,6,98.6,91.5225,2.22,83.73
2024-05-06 11:00:00,2140.974,0.258819045102521,-0.9659258262890682,6,98.5025,91.35,2.226,83.81
2024-05-06 12:00:00,2140.974,1.2246467991473532e-16,-1.0,6,98.44,91.3225,2.244,83.42
2024-05-06 13:00:00,1952.15,-0.2588190451025208,-0.9659258262890684,6,98.25,91.1025,2.216,83.62
2024-05-06 14:00:00,1947.55,-0.4999999999999997,-0.8660254037844388,6,98.1025,90.9575,2.196,83.44
2024-05-06 15:00:00,1945.44,-0.7071067811865471,-0.7071067811865479,6,98.555,91.2325,2.196,83.51
2024-05-06 16:00:00,1932.09,-0.8660254037844385,-0.5000000000000004,6,98.555,91.23,2.198,83.24
2024-05-06 17:00:00,1908.12,-0.9659258262890684,-0.2588190451025206,6,98.555,91.195,2.181826086956522,83.02
2024-05-06 18:00:00,1885.87,-1.0,-1.8369701987210287e-16,6,98.555,91.39022727272727,2.202,83.5
2024-05-06 19:00:00,1913.23,-0.9659258262890684,0.2588190451025203,6,98.555,91.39022727272727,2.195,83.42
2024-05-06 20:00:00,1956.04,-0.8660254037844386,0.5000000000000001,6,98.555,91.39022727272727,2.171,83.51
2024-05-06 21:00:00,1882.77,-0.7071067811865477,0.7071067811865474,6,98.555,91.39022727272727,2.163,83.63
2024-05-06 22:00:00,1544.67,-0.5000000000000004,0.8660254037844384,6,98.555,91.39022727272727,2.162,83.44782608695652
2024-05-06 23:00:00,1359.71,-0.2588190451025215,0.965925826289068,6,98.555,91.39022727272727,2.168,83.63
2024-05-07 00:00:00,1402.55,0.0,1.0,7,98.3146875,91.1806818181818,2.165,83.71
2024-05-07 01:00:00,1211.94,0.2588190451025207,0.9659258262890684,7,98.3146875,91.1806818181818,2.163,83.49
2024-05-07 02:00:00,1149.6,0.4999999999999999,0.8660254037844387,7,98.3146875,91.1806818181818,2.165,83.53
2024-05-07 03:00:00,1135.77,0.7071067811865476,0.7071067811865476,7,98.3146875,91.1806818181818,2.162,83.56
2024-05-07 04:00:00,1119.63,0.8660254037844386,0.5000000000000001,7,98.3146875,91.1806818181818,2.15,83.47
2024-05-07 05:00:00,1179.73,0.9659258262890684,0.2588190451025207,7,98.3146875,91.1806818181818,2.173,83.56
2024-05-07 06:00:00,1336.84,1.0,6.123233995736766e-17,7,98.3146875,91.1806818181818,2.199,83.48
2024-05-07 07:00:00,1566.92,0.9659258262890684,-0.2588190451025206,7,98.4775,91.365,2.203,83.28
2024-05-07 08:00:00,1802.66,0.8660254037844387,-0.4999999999999998,7,98.445,91.385,2.174,83.51
2024-05-07 09:00:00,1926.94,0.7071067811865476,-0.7071067811865475,7,98.3675,91.32,2.212,83.16
2024-05-07 10:00:00,1979.66,0.4999999999999999,-0.8660254037844387,7,98.065,91.01,2.205,83.07
2024-05-07 11:00:00,2005.48,0.258819045102521,-0.9659258262890682,7,98.245,91.0925,2.211,83.08
2024-05-07 12:00:00,2041.64,1.2246467991473532e-16,-1.0,7,98.29,91.105,2.199,82.78
2024-05-07 13:00:00,2058.98,-0.2588190451025208,-0.9659258262890684,7,98.345,91.065,2.208,82.81
2024-05-07 14:00:00,2008.9,-0.4999999999999997,-0.8660254037844388,7,98.2825,91.0225,2.205,82.79
2024-05-07 15:00:00,1973.13,-0.7071067811865471,-0.7071067811865479,7,98.3146875,91.1325,2.212,83.18
2024-05-07 16:00:00,1941.7,-0.8660254037844385,-0.5000000000000004,7,98.3146875,91.2175,2.219,83.48
2024-05-07 17:00:00,1877.44,-0.9659258262890684,-0.2588190451025206,7,98.3146875,91.2725,2.196304347826087,83.44
2024-05-07 18:00:00,1901.63,-1.0,-1.8369701987210287e-16,7,98.3146875,91.1806818181818,2.223,83.27
2024-05-07 19:00:00,1925.71,-0.9659258262890684,0.2588190451025203,7,98.3146875,91.1806818181818,2.215,83.21
2024-05-07 20:00:00,1995.57,-0.8660254037844386,0.5000000000000001,7,98.3146875,91.1806818181818,2.216,83.09
2024-05-07 21:00:00,1823.83,-0.7071067811865477,0.7071067811865474,7,98.3146875,91.1806818181818,2.212,82.98
2024-05-07 22:00:00,1632.36,-0.5000000000000004,0.8660254037844384,7,98.3146875,91.1806818181818,2.212,83.25695652173913
2024-05-07 23:00:00,1495.44,-0.2588190451025215,0.965925826289068,7,98.3146875,91.1806818181818,2.212,82.98
2024-05-08 00:00:00,1436.14,0.0,1.0,8,98.6096875,91.50068181818182,2.212,82.97
2024-05-08 01:00:00,1273.35,0.2588190451025207,0.9659258262890684,8,98.6096875,91.50068181818182,2.214,82.78
2024-05-08 02:00:00,1163.49,0.4999999999999999,0.8660254037844387,8,98.6096875,91.50068181818182,2.224,82.8
2024-05-08 03:00:00,1153.54,0.7071067811865476,0.7071067811865476,8,98.6096875,91.50068181818182,2.21,82.83
2024-05-08 04:00:00,1198.57,0.8660254037844386,0.5000000000000001,8,98.6096875,91.50068181818182,2.215,82.71
2024-05-08 05:00:00,1289.38,0.9659258262890684,0.2588190451025207,8,98.6096875,91.50068181818182,2.239,82.67
2024-05-08 06:00:00,1294.71,1.0,6.123233995736766e-17,8,98.6096875,91.50068181818182,2.248,82.42
2024-05-08 07:00:00,1527.33,0.9659258262890684,-0.2588190451025206,8,98.3,91.1575,2.259,82.14
2024-05-08 08:00:00,1823.21,0.8660254037844387,-0.4999999999999998,8,98.3325,91.2175,2.248,82.08
2024-05-08 09:00:00,1994.73,0.7071067811865476,-0.7071067811865475,8,98.515,91.3375,2.197,82.18
2024-05-08 10:00:00,2036.63,0.4999999999999999,-0.8660254037844387,8,98.72,91.4925,2.219,82.46
2024-05-08 11:00:00,2056.41,0.258819045102521,-0.9659258262890682,8,98.6025,91.45,2.215,82.21
2024-05-08 12:00:00,1979.72,1.2246467991473532e-16,-1.0,8,98.6275,91.4825,2.173,82.32
2024-05-08 13:00:00,1977.77,-0.2588190451025208,-0.9659258262890684,8,98.92,91.83,2.184,82.66
2024-05-08 14:00:00,1847.73,-0.4999999999999997,-0.8660254037844388,8,98.86,91.715,2.182,83.23
2024-05-08 15:00:00,1838.68,-0.7071067811865471,-0.7071067811865479,8,98.6096875,91.725,2.18,83.71
2024-05-08 16:00:00,1775.12,-0.8660254037844385,-0.5000000000000004,8,98.6096875,91.6075,2.182,83.43
2024-05-08 17:00:00,1802.9,-0.9659258262890684,-0.2588190451025206,8,98.6096875,91.4925,2.203434782608696,83.45
2024-05-08 18:00:00,1785.76,-1.0,-1.8369701987210287e-16,8,98.6096875,91.50068181818182,2.174,83.66
2024-05-08 19:00:00,1816.83,-0.9659258262890684,0.2588190451025203,8,98.6096875,91.50068181818182,2.181,83.75
2024-05-08 20:00:00,1897.58,-0.8660254037844386,0.5000000000000001,8,98.6096875,91.50068181818182,2.182,83.76
2024-05-08 21:00:00,1866.46,-0.7071067811865477,0.7071067811865474,8,98.6096875,91.50068181818182,2.179,83.77
2024-05-08 22:00:00,1773.57,-0.5000000000000004,0.8660254037844384,8,98.6096875,91.50068181818182,2.18,82.94608695652173
2024-05-08 23:00:00,1488.27,-0.2588190451025215,0.965925826289068,8,98.6096875,91.50068181818182,2.182,83.77
2024-05-09 00:00:00,1266.67,0.0,1.0,9,98.027609375,90.6461961722488,2.189,83.87
2024-05-09 01:00:00,1148.13,0.2588190451025207,0.9659258262890684,9,98.027609375,90.6461961722488,2.195,83.83
2024-05-09 02:00:00,1117.09,0.4999999999999999,0.8660254037844387,9,98.027609375,90.6461961722488,2.181,83.94
2024-05-09 03:00:00,1094.96,0.7071067811865476,0.7071067811865476,9,98.027609375,90.6461961722488,2.189,83.95
2024-05-09 04:00:00,1089.76,0.8660254037844386,0.5000000000000001,9,98.027609375,90.6461961722488,2.189,83.95
2024-05-09 05:00:00,1100.47,0.9659258262890684,0.2588190451025207,9,98.027609375,90.6461961722488,2.182,83.85
2024-05-09 06:00:00,1070.55,1.0,6.123233995736766e-17,9,98.027609375,90.6461961722488,2.159,83.81
2024-05-09 07:00:00,1137.99,0.9659258262890684,-0.2588190451025206,9,98.027609375,90.6461961722488,2.161,84.15
2024-05-09 08:00:00,1361.34,0.8660254037844387,-0.4999999999999998,9,98.027609375,90.6461961722488,2.197,84.19
2024-05-09 09:00:00,1562.07,0.7071067811865476,-0.7071067811865475,9,98.027609375,90.6461961722488,2.227,84.0
2024-05-09 10:00:00,1593.69,0.4999999999999999,-0.8660254037844387,9,98.027609375,90.6461961722488,2.274,84.3
2024-05-09 11:00:00,1591.31,0.258819045102521,-0.9659258262890682,9,98.027609375,90.6461961722488,2.271,84.13
2024-05-09 12:00:00,1590.55,1.2246467991473532e-16,-1.0,9,98.027609375,90.6461961722488,2.279,84.04
2024-05-09 13:00:00,1588.06,-0.2588190451025208,-0.9659258262890684,9,98.027609375,90.6461961722488,2.29,83.99
2024-05-09 14:00:00,1590.52,-0.4999999999999997,-0.8660254037844388,9,98.027609375,90.6461961722488,2.299,83.85
2024-05-09 15:00:00,1595.36,-0.7071067811865471,-0.7071067811865479,9,98.027609375,90.6461961722488,2.315,83.5
2024-05-09 16:00:00,1598.55,-0.8660254037844385,-0.5000000000000004,9,98.027609375,90.6461961722488,2.31,83.69
2024-05-09 17:00:00,1612.13,-0.9659258262890684,-0.2588190451025206,9,98.027609375,90.6461961722488,2.254652173913044,83.6
2024-05-09 18:00:00,1626.34,-1.0,-1.8369701987210287e-16,9,98.027609375,90.6461961722488,2.311,84.06
2024-05-09 19:00:00,1659.87,-0.9659258262890684,0.2588190451025203,9,98.027609375,90.6461961722488,2.311,84.2
2024-05-09 20:00:00,1762.51,-0.8660254037844386,0.5000000000000001,9,98.027609375,90.6461961722488,2.317,84.17
2024-05-09 21:00:00,1632.75,-0.7071067811865477,0.7071067811865474,9,98.027609375,90.6461961722488,2.337,84.1
2024-05-09 22:00:00,1464.49,-0.5000000000000004,0.8660254037844384,9,98.027609375,90.6461961722488,2.339,83.96826086956521
2024-05-09 23:00:00,1278.96,-0.2588190451025215,0.965925826289068,9,98.027609375,90.6461961722488,2.335,84.1
2024-05-10 00:00:00,1266.08,0.0,1.0,10,98.027609375,90.6461961722488,2.333,84.26
2024-05-10 01:00:00,1146.32,0.2588190451025207,0.9659258262890684,10,98.027609375,90.6461961722488,2.326,84.32
2024-05-10 02:00:00,1087.95,0.4999999999999999,0.8660254037844387,10,98.027609375,90.6461961722488,2.319,84.27
2024-05-10 03:00:00,1080.06,0.7071067811865476,0.7071067811865476,10,98.027609375,90.6461961722488,2.317,84.36
2024-05-10 04:00:00,1077.96,0.8660254037844386,0.5000000000000001,10,98.027609375,90.6461961722488,2.311,84.38
2024-05-10 05:00:00,1084.09,0.9659258262890684,0.2588190451025207,10,98.027609375,90.6461961722488,2.321,84.45
2024-05-10 06:00:00,1085.71,1.0,6.123233995736766e-17,10,98.027609375,90.6461961722488,2.324,84.51
2024-05-10 07:00:00,1163.57,0.9659258262890684,-0.2588190451025206,10,98.027609375,90.6461961722488,2.293,84.42
2024-05-10 08:00:00,1415.15,0.8660254037844387,-0.4999999999999998,10,98.027609375,90.6461961722488,2.283,84.17
2024-05-10 09:00:00,1598.15,0.7071067811865476,-0.7071067811865475,10,98.027609375,90.6461961722488,2.285,84.43
2024-05-10 10:00:00,1637.46,0.4999999999999999,-0.8660254037844387,10,98.027609375,90.6461961722488,2.292,84.45
2024-05-10 11:00:00,1631.06,0.258819045102521,-0.9659258262890682,10,98.027609375,90.6461961722488,2.278,84.33
2024-05-10 12:00:00,1609.28,1.2246467991473532e-16,-1.0,10,98.027609375,90.6461961722488,2.26,84.19
2024-05-10 13:00:00,1612.38,-0.2588190451025208,-0.9659258262890684,10,98.027609375,90.6461961722488,2.262,84.21
2024-05-10 14:00:00,1606.83,-0.4999999999999997,-0.8660254037844388,10,98.027609375,90.6461961722488,2.258,83.86
2024-05-10 15:00:00,1601.56,-0.7071067811865471,-0.7071067811865479,10,98.027609375,90.6461961722488,2.258,83.31
2024-05-10 16:00:00,1597.82,-0.8660254037844385,-0.5000000000000004,10,98.027609375,90.6461961722488,2.252,82.97
2024-05-10 17:00:00,1612.35,-0.9659258262890684,-0.2588190451025206,10,98.027609375,90.6461961722488,2.2924705882352936,82.84
2024-05-10 18:00:00,1623.73,-1.0,-1.8369701987210287e-16,10,98.027609375,90.6461961722488,2.2924705882352936,82.82
2024-05-10 19:00:00,1648.34,-0.9659258262890684,0.2588190451025203,10,98.027609375,90.6461961722488,2.2924705882352936,82.86
2024-05-10 20:00:00,1744.17,-0.8660254037844386,0.5000000000000001,10,98.027609375,90.6461961722488,2.2924705882352936,82.75
2024-05-10 21:00:00,1643.59,-0.7071067811865477,0.7071067811865474,10,98.027609375,90.6461961722488,2.2924705882352936,82.78
2024-05-10 22:00:00,1512.53,-0.5000000000000004,0.8660254037844384,10,98.027609375,90.6461961722488,2.2924705882352936,83.86090909090909
2024-05-10 23:00:00,1306.89,-0.2588190451025215,0.965925826289068,10,98.027609375,90.6461961722488,2.2924705882352936,83.86090909090909
2024-05-11 00:00:00,1313.86,0.0,1.0,11,98.027609375,90.6461961722488,2.454243761996161,83.14148007590134
2024-05-11 01:00:00,1179.25,0.2588190451025207,0.9659258262890684,11,98.027609375,90.6461961722488,2.454243761996161,83.14148007590134
2024-05-11 02:00:00,1143.09,0.4999999999999999,0.8660254037844387,11,98.027609375,90.6461961722488,2.454243761996161,83.14148007590134
2024-05-11 03:00:00,1130.64,0.7071067811865476,0.7071067811865476,11,98.027609375,90.6461961722488,2.454243761996161,83.14148007590134
2024-05-11 04:00:00,1111.37,0.8660254037844386,0.5000000000000001,11,98.027609375,90.6461961722488,2.454243761996161,83.14148007590134
2024-05-11 05:00:00,1111.36,0.9659258262890684,0.2588190451025207,11,98.027609375,90.6461961722488,2.454243761996161,83.14148007590134
2024-05-11 06:00:00,1112.16,1.0,6.123233995736766e-17,11,98.027609375,90.6461961722488,2.454243761996161,83.14148007590134
2024-05-11 07:00:00,1243.88,0.9659258262890684,-0.2588190451025206,11,98.027609375,90.6461961722488,2.454243761996161,83.14148007590134
2024-05-11 08:00:00,1441.05,0.8660254037844387,-0.4999999999999998,11,98.027609375,90.6461961722488,2.454243761996161,83.14148007590134
2024-05-11 09:00:00,1763.67,0.7071067811865476,-0.7071067811865475,11,98.027609375,90.6461961722488,2.454243761996161,83.14148007590134
2024-05-11 10:00:00,1791.83,0.4999999999999999,-0.8660254037844387,11,98.027609375,90.6461961722488,2.454243761996161,83.14148007590134
2024-05-11 11:00:00,1784.69,0.258819045102521,-0.9659258262890682,11,98.027609375,90.6461961722488,2.454243761996161,83.14148007590134
2024-05-11 12:00:00,1755.27,1.2246467991473532e-16,-1.0,11,98.027609375,90.6461961722488,2.454243761996161,83.14148007590134
2024-05-11 13:00:00,1755.54,-0.2588190451025208,-0.9659258262890684,11,98.027609375,90.6461961722488,2.454243761996161,83.14148007590134
2024-05-11 14:00:00,1747.78,-0.4999999999999997,-0.8660254037844388,11,98.027609375,90.6461961722488,2.454243761996161,83.14148007590134
2024-05-11 15:00:00,1751.05,-0.7071067811865471,-0.7071067811865479,11,98.027609375,90.6461961722488,2.454243761996161,83.14148007590134
2024-05-11 16:00:00,1731.47,-0.8660254037844385,-0.5000000000000004,11,98.027609375,90.6461961722488,2.454243761996161,83.14148007590134
2024-05-11 17:00:00,1733.07,-0.9659258262890684,-0.2588190451025206,11,98.027609375,90.6461961722488,2.454243761996161,83.14148007590134
2024-05-11 18:00:00,1753.59,-1.0,-1.8369701987210287e-16,11,98.027609375,90.6461961722488,2.454243761996161,83.14148007590134
2024-05-11 19:00:00,1786.68,-0.9659258262890684,0.2588190451025203,11,98.027609375,90.6461961722488,2.454243761996161,83.14148007590134
2024-05-11 20:00:00,1881.1,-0.8660254037844386,0.5000000000000001,11,98.027609375,90.6461961722488,2.454243761996161,83.14148007590134
2024-05-11 21:00:00,1828.4,-0.7071067811865477,0.7071067811865474,11,98.027609375,90.6461961722488,2.454243761996161,83.14148007590134
2024-05-11 22:00:00,1691.08,-0.5000000000000004,0.8660254037844384,11,98.027609375,90.6461961722488,2.454243761996161,83.14148007590134
2024-05-11 23:00:00,1391.41,-0.2588190451025215,0.965925826289068,11,98.027609375,90.6461961722488,2.454243761996161,83.14148007590134
2024-05-12 00:00:00,1372.38,0.0,1.0,12,98.027609375,90.6461961722488,2.231333333333333,82.555
2024-05-12 01:00:00,1234.75,0.2588190451025207,0.9659258262890684,12,98.027609375,90.6461961722488,2.231333333333333,82.555
2024-05-12 02:00:00,1145.3,0.4999999999999999,0.8660254037844387,12,98.027609375,90.6461961722488,2.231333333333333,82.555
2024-05-12 03:00:00,1107.91,0.7071067811865476,0.7071067811865476,12,98.027609375,90.6461961722488,2.231333333333333,82.555
2024-05-12 04:00:00,1092.07,0.8660254037844386,0.5000000000000001,12,98.027609375,90.6461961722488,2.231333333333333,82.555
2024-05-12 05:00:00,1099.26,0.9659258262890684,0.2588190451025207,12,98.027609375,90.6461961722488,2.231333333333333,82.555
2024-05-12 06:00:00,1046.59,1.0,6.123233995736766e-17,12,98.027609375,90.6461961722488,2.231333333333333,82.555
2024-05-12 07:00:00,1145.53,0.9659258262890684,-0.2588190451025206,12,98.027609375,90.6461961722488,2.231333333333333,82.555
2024-05-12 08:00:00,1365.88,0.8660254037844387,-0.4999999999999998,12,98.027609375,90.6461961722488,2.231333333333333,82.555
2024-05-12 09:00:00,1518.67,0.7071067811865476,-0.7071067811865475,12,98.027609375,90.6461961722488,2.231333333333333,82.555
2024-05-12 10:00:00,1591.05,0.4999999999999999,-0.8660254037844387,12,98.027609375,90.6461961722488,2.231333333333333,82.555
2024-05-12 11:00:00,1612.16,0.258819045102521,-0.9659258262890682,12,98.027609375,90.6461961722488,2.231333333333333,82.555
2024-05-12 12:00:00,1612.66,1.2246467991473532e-16,-1.0,12,98.027609375,90.6461961722488,2.231333333333333,82.555
2024-05-12 13:00:00,1612.48,-0.2588190451025208,-0.9659258262890684,12,98.027609375,90.6461961722488,2.231333333333333,82.555
2024-05-12 14:00:00,1615.97,-0.4999999999999997,-0.8660254037844388,12,98.027609375,90.6461961722488,2.231333333333333,82.555
2024-05-12 15:00:00,1616.03,-0.7071067811865471,-0.7071067811865479,12,98.027609375,90.6461961722488,2.231333333333333,82.555
2024-05-12 16:00:00,1627.91,-0.8660254037844385,-0.5000000000000004,12,98.027609375,90.6461961722488,2.231333333333333,82.555
2024-05-12 17:00:00,1625.06,-0.9659258262890684,-0.2588190451025206,12,98.027609375,90.6461961722488,2.231333333333333,82.555
2024-05-12 18:00:00,1636.72,-1.0,-1.8369701987210287e-16,12,98.027609375,90.6461961722488,2.226,82.555
2024-05-12 19:00:00,1677.13,-0.9659258262890684,0.2588190451025203,12,98.027609375,90.6461961722488,2.229,82.555
2024-05-12 20:00:00,1703.39,-0.8660254037844386,0.5000000000000001,12,98.027609375,90.6461961722488,2.234,82.555
2024-05-12 21:00:00,1676.14,-0.7071067811865477,0.7071067811865474,12,98.027609375,90.6461961722488,2.229,82.555
2024-05-12 22:00:00,1481.91,-0.5000000000000004,0.8660254037844384,12,98.027609375,90.6461961722488,2.233,82.53
2024-05-12 23:00:00,1284.89,-0.2588190451025215,0.965925826289068,12,98.027609375,90.6461961722488,2.237,82.58
2024-05-13 00:00:00,1290.9,0.0,1.0,13,98.9546875,91.68,2.238,82.54
2024-05-13 01:00:00,1166.37,0.2588190451025207,0.9659258262890684,13,98.9546875,91.68,2.244,82.27
2024-05-13 02:00:00,1118.89,0.4999999999999999,0.8660254037844387,13,98.9546875,91.68,2.265,82.58
2024-05-13 03:00:00,1112.83,0.7071067811865476,0.7071067811865476,13,98.9546875,91.68,2.281,82.55
2024-05-13 04:00:00,1102.68,0.8660254037844386,0.5000000000000001,13,98.9546875,91.68,2.293,82.53
2024-05-13 05:00:00,1160.72,0.9659258262890684,0.2588190451025207,13,98.9546875,91.68,2.28,82.53
2024-05-13 06:00:00,1352.15,1.0,6.123233995736766e-17,13,98.9546875,91.68,2.264,82.75
2024-05-13 07:00:00,1609.67,0.9659258262890684,-0.2588190451025206,13,99.4375,92.2425,2.254,83.01
2024-05-13 08:00:00,2102.154,0.8660254037844387,-0.4999999999999998,13,99.445,92.2,2.271,83.11
2024-05-13 09:00:00,2102.154,0.7071067811865476,-0.7071067811865475,13,99.1775,92.0175,2.299,82.89
2024-05-13 10:00:00,2102.154,0.4999999999999999,-0.8660254037844387,13,98.9025,91.8,2.305,83.14
2024-05-13 11:00:00,2102.154,0.258819045102521,-0.9659258262890682,13,98.905,91.6925,2.327,83.27
2024-05-13 12:00:00,2102.154,1.2246467991473532e-16,-1.0,13,98.4775,91.33,2.345,83.21
2024-05-13 13:00:00,2008.52,-0.2588190451025208,-0.9659258262890684,13,98.5675,91.44,2.358,83.57
2024-05-13 14:00:00,1979.76,-0.4999999999999997,-0.8660254037844388,13,98.725,91.525,2.368,83.36
2024-05-13 15:00:00,1924.42,-0.7071067811865471,-0.7071067811865479,13,98.9546875,91.4875,2.368,83.17
2024-05-13 16:00:00,1903.65,-0.8660254037844385,-0.5000000000000004,13,98.9546875,91.445,2.366,83.08
2024-05-13 17:00:00,1856.66,-0.9659258262890684,-0.2588190451025206,13,98.9546875,91.3,2.317652173913044,83.31
2024-05-13 18:00:00,1846.06,-1.0,-1.8369701987210287e-16,13,98.9546875,91.68,2.36,83.43
2024-05-13 19:00:00,1885.95,-0.9659258262890684,0.2588190451025203,13,98.9546875,91.68,2.362,83.49
2024-05-13 20:00:00,1952.68,-0.8660254037844386,0.5000000000000001,13,98.9546875,91.68,2.369,83.46
2024-05-13 21:00:00,1843.75,-0.7071067811865477,0.7071067811865474,13,98.9546875,91.68,2.365,83.45
2024-05-13 22:00:00,1500.09,-0.5000000000000004,0.8660254037844384,13,98.9546875,91.68,2.361,83.05
2024-05-13 23:00:00,1304.73,-0.2588190451025215,0.965925826289068,13,98.9546875,91.68,2.363,83.45
2024-05-14 00:00:00,1228.45,0.0,1.0,14,98.6434375,91.30568181818182,2.368,83.6
2024-05-14 01:00:00,1142.22,0.2588190451025207,0.9659258262890684,14,98.6434375,91.30568181818182,2.355,83.42
2024-05-14 02:00:00,1106.33,0.4999999999999999,0.8660254037844387,14,98.6434375,91.30568181818182,2.347,83.35
2024-05-14 03:00:00,1100.92,0.7071067811865476,0.7071067811865476,14,98.6434375,91.30568181818182,2.339,83.47
2024-05-14 04:00:00,1110.36,0.8660254037844386,0.5000000000000001,14,98.6434375,91.30568181818182,2.336,83.48
2024-05-14 05:00:00,1151.89,0.9659258262890684,0.2588190451025207,14,98.6434375,91.30568181818182,2.345,83.47
2024-05-14 06:00:00,1335.34,1.0,6.123233995736766e-17,14,98.6434375,91.30568181818182,2.355,83.41
2024-05-14 07:00:00,1461.33,0.9659258262890684,-0.2588190451025206,14,98.6,91.3575,2.346,83.28
2024-05-14 08:00:00,1760.55,0.8660254037844387,-0.4999999999999998,14,98.59,91.3425,2.318,83.16
2024-05-14 09:00:00,1905.85,0.7071067811865476,-0.7071067811865475,14,98.52,91.3075,2.349,83.36
2024-05-14 10:00:00,1933.98,0.4999999999999999,-0.8660254037844387,14,98.55,91.31,2.37,83.31
2024-05-14 11:00:00,1914.28,0.258819045102521,-0.9659258262890682,14,98.74,91.4625,2.354,83.17
2024-05-14 12:00:00,1908.57,1.2246467991473532e-16,-1.0,14,98.665,91.3475,2.379,82.84
2024-05-14 13:00:00,1919.4,-0.2588190451025208,-0.9659258262890684,14,98.7275,91.385,2.363,83.15
2024-05-14 14:00:00,1907.59,-0.4999999999999997,-0.8660254037844388,14,98.755,91.19,2.352,82.56
2024-05-14 15:00:00,1889.47,-0.7071067811865471,-0.7071067811865479,14,98.6434375,91.1325,2.348,82.25
2024-05-14 16:00:00,1862.67,-0.8660254037844385,-0.5000000000000004,14,98.6434375,91.2525,2.341,82.49
2024-05-14 17:00:00,1854.21,-0.9659258262890684,-0.2588190451025206,14,98.6434375,91.275,2.348434782608696,82.23
2024-05-14 18:00:00,1839.41,-1.0,-1.8369701987210287e-16,14,98.6434375,91.30568181818182,2.343,82.39
2024-05-14 19:00:00,1769.28,-0.9659258262890684,0.2588190451025203,14,98.6434375,91.30568181818182,2.344,82.45
2024-05-14 20:00:00,1873.59,-0.8660254037844386,0.5000000000000001,14,98.6434375,91.30568181818182,2.338,82.76
2024-05-14 21:00:00,1883.16,-0.7071067811865477,0.7071067811865474,14,98.6434375,91.30568181818182,2.338,82.79
2024-05-14 22:00:00,1558.45,-0.5000000000000004,0.8660254037844384,14,98.6434375,91.30568181818182,2.338,83.00782608695651
2024-05-14 23:00:00,1401.02,-0.2588190451025215,0.965925826289068,14,98.6434375,91.30568181818182,2.348,82.79
2024-05-15 00:00:00,1314.56,0.0,1.0,15,98.7759375,91.1875,2.343,82.63
2024-05-15 01:00:00,1185.91,0.2588190451025207,0.9659258262890684,15,98.7759375,91.1875,2.349,82.86
2024-05-15 02:00:00,1178.13,0.4999999999999999,0.8660254037844387,15,98.7759375,91.1875,2.364,82.91
2024-05-15 03:00:00,1174.2,0.7071067811865476,0.7071067811865476,15,98.7759375,91.1875,2.366,82.94
2024-05-15 04:00:00,1183.13,0.8660254037844386,0.5000000000000001,15,98.7759375,91.1875,2.367,82.88
2024-05-15 05:00:00,1200.43,0.9659258262890684,0.2588190451025207,15,98.7759375,91.1875,2.368,82.94
2024-05-15 06:00:00,1440.72,1.0,6.123233995736766e-17,15,98.7759375,91.1875,2.36,82.89
2024-05-15 07:00:00,1711.22,0.9659258262890684,-0.2588190451025206,15,98.8125,91.205,2.378,82.77
2024-05-15 08:00:00,1967.49,0.8660254037844387,-0.4999999999999998,15,98.8475,91.2475,2.386,82.86
2024-05-15 09:00:00,2118.66,0.7071067811865476,-0.7071067811865475,15,98.91,91.26,2.341,82.52
2024-05-15 10:00:00,2135.54,0.4999999999999999,-0.8660254037844387,15,98.8975,91.305,2.338,82.21
2024-05-15 11:00:00,2096.23,0.258819045102521,-0.9659258262890682,15,98.7775,91.27,2.384,81.93
2024-05-15 12:00:00,2094.0,1.2246467991473532e-16,-1.0,15,98.75,91.215,2.406,82.0
2024-05-15 13:00:00,2127.28,-0.2588190451025208,-0.9659258262890684,15,98.71,91.19,2.397,81.34
2024-05-15 14:00:00,2099.32,-0.4999999999999997,-0.8660254037844388,15,98.5025,91.075,2.423,81.76
2024-05-15 15:00:00,2085.93,-0.7071067811865471,-0.7071067811865479,15,98.7759375,91.045,2.407,82.5
2024-05-15 16:00:00,2061.95,-0.8660254037844385,-0.5000000000000004,15,98.7759375,91.19,2.405,82.7
2024-05-15 17:00:00,2009.67,-0.9659258262890684,-0.2588190451025206,15,98.7759375,91.06,2.3865217391304347,82.71
2024-05-15 18:00:00,1978.3,-1.0,-1.8369701987210287e-16,15,98.7759375,91.1875,2.421,82.84
2024-05-15 19:00:00,1899.24,-0.9659258262890684,0.2588190451025203,15,98.7759375,91.1875,2.416,82.97
2024-05-15 20:00:00,1980.25,-0.8660254037844386,0.5000000000000001,15,98.7759375,91.1875,2.422,82.98
2024-05-15 21:00:00,1994.95,-0.7071067811865477,0.7071067811865474,15,98.7759375,91.1875,2.417,82.9
2024-05-15 22:00:00,1611.55,-0.5000000000000004,0.8660254037844384,15,98.7759375,91.1875,2.418,82.60608695652174
2024-05-15 23:00:00,1450.21,-0.2588190451025215,0.965925826289068,15,98.7759375,91.1875,2.414,82.9
2024-05-16 00:00:00,1260.35,0.0,1.0,16,98.8796875,90.91136363636365,2.413,83.21
2024-05-16 01:00:00,1166.1,0.2588190451025207,0.9659258262890684,16,98.8796875,90.91136363636365,2.408,83.08
2024-05-16 02:00:00,1138.28,0.4999999999999999,0.8660254037844387,16,98.8796875,90.91136363636365,2.398,83.12
2024-05-16 03:00:00,1137.61,0.7071067811865476,0.7071067811865476,16,98.8796875,90.91136363636365,2.406,83.1
2024-05-16 04:00:00,1156.35,0.8660254037844386,0.5000000000000001,16,98.8796875,90.91136363636365,2.394,83.16
2024-05-16 05:00:00,1197.01,0.9659258262890684,0.2588190451025207,16,98.8796875,90.91136363636365,2.392,83.12
2024-05-16 06:00:00,1370.25,1.0,6.123233995736766e-17,16,98.8796875,90.91136363636365,2.427,83.17
2024-05-16 07:00:00,1653.18,0.9659258262890684,-0.2588190451025206,16,98.905,90.885,2.431,82.98
2024-05-16 08:00:00,1929.35,0.8660254037844387,-0.4999999999999998,16,98.9575,90.975,2.463,82.8
2024-05-16 09:00:00,2060.71,0.7071067811865476,-0.7071067811865475,16,98.9875,91.0175,2.48,82.48
2024-05-16 10:00:00,2079.27,0.4999999999999999,-0.8660254037844387,16,98.8625,90.925,2.555,82.61
2024-05-16 11:00:00,2105.21,0.258819045102521,-0.9659258262890682,16,99.0325,91.055,2.473,82.81
2024-05-16 12:00:00,2076.97,1.2246467991473532e-16,-1.0,16,98.7925,90.865,2.483,83.13
2024-05-16 13:00:00,2096.91,-0.2588190451025208,-0.9659258262890684,16,98.8,90.8,2.488,83.49
2024-05-16 14:00:00,2099.96,-0.4999999999999997,-0.8660254037844388,16,98.7,90.8125,2.503,83.2
2024-05-16 15:00:00,2002.5,-0.7071067811865471,-0.7071067811865479,16,98.8796875,90.8225,2.491,83.34
2024-05-16 16:00:00,1942.31,-0.8660254037844385,-0.5000000000000004,16,98.8796875,90.89,2.49,83.05
2024-05-16 17:00:00,1923.02,-0.9659258262890684,-0.2588190451025206,16,98.8796875,90.9775,2.4675652173913045,83.24
2024-05-16 18:00:00,1886.68,-1.0,-1.8369701987210287e-16,16,98.8796875,90.91136363636365,2.514,83.43
2024-05-16 19:00:00,1864.73,-0.9659258262890684,0.2588190451025203,16,98.8796875,90.91136363636365,2.509,83.32
2024-05-16 20:00:00,1948.93,-0.8660254037844386,0.5000000000000001,16,98.8796875,90.91136363636365,2.505,83.39
2024-05-16 21:00:00,1950.74,-0.7071067811865477,0.7071067811865474,16,98.8796875,90.91136363636365,2.513,83.44
2024-05-16 22:00:00,1621.0,-0.5000000000000004,0.8660254037844384,16,98.8796875,90.91136363636365,2.505,83.13521739130435
2024-05-16 23:00:00,1368.75,-0.2588190451025215,0.965925826289068,16,98.8796875,90.91136363636365,2.513,83.44
2024-05-17 00:00:00,1314.85,0.0,1.0,17,98.6584375,90.90136363636364,2.499,83.35
2024-05-17 01:00:00,1179.94,0.2588190451025207,0.9659258262890684,17,98.6584375,90.90136363636364,2.503,83.59
2024-05-17 02:00:00,1143.86,0.4999999999999999,0.8660254037844387,17,98.6584375,90.90136363636364,2.501,83.43
2024-05-17 03:00:00,1086.1,0.7071067811865476,0.7071067811865476,17,98.6584375,90.90136363636364,2.503,83.49
2024-05-17 04:00:00,1153.16,0.8660254037844386,0.5000000000000001,17,98.6584375,90.90136363636364,2.513,83.52
2024-05-17 05:00:00,1253.51,0.9659258262890684,0.2588190451025207,17,98.6584375,90.90136363636364,2.515,83.61
2024-05-17 06:00:00,1435.73,1.0,6.123233995736766e-17,17,98.6584375,90.90136363636364,2.501,83.82
2024-05-17 07:00:00,1715.96,0.9659258262890684,-0.2588190451025206,17,98.76,90.9,2.53,83.6
2024-05-17 08:00:00,2049.32,0.8660254037844387,-0.4999999999999998,17,98.755,90.9525,2.546,83.42
2024-05-17 09:00:00,2137.96,0.7071067811865476,-0.7071067811865475,17,98.735,90.8875,2.572,83.44
2024-05-17 10:00:00,2161.12,0.4999999999999999,-0.8660254037844387,17,98.7225,90.86,2.606,83.45
2024-05-17 11:00:00,2151.37,0.258819045102521,-0.9659258262890682,17,98.595,90.8825,2.595,83.24
2024-05-17 12:00:00,2198.6,1.2246467991473532e-16,-1.0,17,98.6425,90.895,2.588,83.71
2024-05-17 13:00:00,2231.59,-0.2588190451025208,-0.9659258262890684,17,98.535,90.8525,2.608,83.54
2024-05-17 14:00:00,2207.51,-0.4999999999999997,-0.8660254037844388,17,98.5225,90.94,2.639,83.37
2024-05-17 15:00:00,2223.76,-0.7071067811865471,-0.7071067811865479,17,98.6584375,90.865,2.637,83.58
2024-05-17 16:00:00,2133.26,-0.8660254037844385,-0.5000000000000004,17,98.6584375,90.91,2.638,83.61
2024-05-17 17:00:00,2115.0,-0.9659258262890684,-0.2588190451025206,17,98.6584375,90.97,2.558470588235294,83.92
2024-05-17 18:00:00,2082.88,-1.0,-1.8369701987210287e-16,17,98.6584375,90.90136363636364,2.558470588235294,83.98
2024-05-17 19:00:00,2057.97,-0.9659258262890684,0.2588190451025203,17,98.6584375,90.90136363636364,2.558470588235294,83.94
2024-05-17 20:00:00,2093.09,-0.8660254037844386,0.5000000000000001,17,98.6584375,90.90136363636364,2.558470588235294,83.96
2024-05-17 21:00:00,2158.1,-0.7071067811865477,0.7071067811865474,17,98.6584375,90.90136363636364,2.558470588235294,84.0
2024-05-17 22:00:00,2006.43,-0.5000000000000004,0.8660254037844384,17,98.6584375,90.90136363636364,2.558470588235294,83.61681818181818
2024-05-17 23:00:00,1572.8,-0.2588190451025215,0.965925826289068,17,98.6584375,90.90136363636364,2.558470588235294,83.61681818181818
2024-05-18 00:00:00,1498.15,0.0,1.0,18,98.027609375,90.6461961722488,2.454243761996161,83.14148007590134
2024-05-18 01:00:00,1436.37,0.2588190451025207,0.9659258262890684,18,98.027609375,90.6461961722488,2.454243761996161,83.14148007590134
2024-05-18 02:00:00,1285.38,0.4999999999999999,0.8660254037844387,18,98.027609375,90.6461961722488,2.454243761996161,83.14148007590134
2024-05-18 03:00:00,1235.64,0.7071067811865476,0.7071067811865476,18,98.027609375,90.6461961722488,2.454243761996161,83.14148007590134
2024-05-18 04:00:00,1194.37,0.8660254037844386,0.5000000000000001,18,98.027609375,90.6461961722488,2.454243761996161,83.14148007590134
2024-05-18 05:00:00,1211.83,0.9659258262890684,0.2588190451025207,18,98.027609375,90.6461961722488,2.454243761996161,83.14148007590134
2024-05-18 06:00:00,1297.32,1.0,6.123233995736766e-17,18,98.027609375,90.6461961722488,2.454243761996161,83.14148007590134
2024-05-18 07:00:00,1504.31,0.9659258262890684,-0.2588190451025206,18,98.027609375,90.6461961722488,2.454243761996161,83.14148007590134
2024-05-18 08:00:00,1814.83,0.8660254037844387,-0.4999999999999998,18,98.027609375,90.6461961722488,2.454243761996161,83.14148007590134
2024-05-18 09:00:00,1990.18,0.7071067811865476,-0.7071067811865475,18,98.027609375,90.6461961722488,2.454243761996161,83.14148007590134
2024-05-18 10:00:00,2063.47,0.4999999999999999,-0.8660254037844387,18,98.027609375,90.6461961722488,2.454243761996161,83.14148007590134
2024-05-18 11:00:00,2061.25,0.258819045102521,-0.9659258262890682,18,98.027609375,90.6461961722488,2.454243761996161,83.14148007590134
2024-05-18 12:00:00,2104.86,1.2246467991473532e-16,-1.0,18,98.027609375,90.6461961722488,2.454243761996161,83.14148007590134
2024-05-18 13:00:00,2097.7,-0.2588190451025208,-0.9659258262890684,18,98.027609375,90.6461961722488,2.454243761996161,83.14148007590134
2024-05-18 14:00:00,2073.92,-0.4999999999999997,-0.8660254037844388,18,98.027609375,90.6461961722488,2.454243761996161,83.14148007590134
2024-05-18 15:00:00,2054.4,-0.7071067811865471,-0.7071067811865479,18,98.027609375,90.6461961722488,2.454243761996161,83.14148007590134
2024-05-18 16:00:00,2043.33,-0.8660254037844385,-0.5000000000000004,18,98.027609375,90.6461961722488,2.454243761996161,83.14148007590134
2024-05-18 17:00:00,2007.6,-0.9659258262890684,-0.2588190451025206,18,98.027609375,90.6461961722488,2.454243761996161,83.14148007590134
2024-05-18 18:00:00,1974.97,-1.0,-1.8369701987210287e-16,18,98.027609375,90.6461961722488,2.454243761996161,83.14148007590134
2024-05-18 19:00:00,1958.35,-0.9659258262890684,0.2588190451025203,18,98.027609375,90.6461961722488,2.454243761996161,83.14148007590134
2024-05-18 20:00:00,2034.55,-0.8660254037844386,0.5000000000000001,18,98.027609375,90.6461961722488,2.454243761996161,83.14148007590134
2024-05-18 21:00:00,2051.12,-0.7071067811865477,0.7071067811865474,18,98.027609375,90.6461961722488,2.454243761996161,83.14148007590134
2024-05-18 22:00:00,1852.83,-0.5000000000000004,0.8660254037844384,18,98.027609375,90.6461961722488,2.454243761996161,83.14148007590134
2024-05-18 23:00:00,1496.65,-0.2588190451025215,0.965925826289068,18,98.027609375,90.6461961722488,2.454243761996161,83.14148007590134
2024-05-19 00:00:00,1454.66,0.0,1.0,19,98.027609375,90.6461961722488,2.649833333333333,83.86500000000001
2024-05-19 01:00:00,1313.41,0.2588190451025207,0.9659258262890684,19,98.027609375,90.6461961722488,2.649833333333333,83.86500000000001
2024-05-19 02:00:00,1180.82,0.4999999999999999,0.8660254037844387,19,98.027609375,90.6461961722488,2.649833333333333,83.86500000000001
2024-05-19 03:00:00,1168.17,0.7071067811865476,0.7071067811865476,19,98.027609375,90.6461961722488,2.649833333333333,83.86500000000001
2024-05-19 04:00:00,1147.94,0.8660254037844386,0.5000000000000001,19,98.027609375,90.6461961722488,2.649833333333333,83.86500000000001
2024-05-19 05:00:00,1129.14,0.9659258262890684,0.2588190451025207,19,98.027609375,90.6461961722488,2.649833333333333,83.86500000000001
2024-05-19 06:00:00,1064.39,1.0,6.123233995736766e-17,19,98.027609375,90.6461961722488,2.649833333333333,83.86500000000001
2024-05-19 07:00:00,1311.45,0.9659258262890684,-0.2588190451025206,19,98.027609375,90.6461961722488,2.649833333333333,83.86500000000001
2024-05-19 08:00:00,1546.14,0.8660254037844387,-0.4999999999999998,19,98.027609375,90.6461961722488,2.649833333333333,83.86500000000001
2024-05-19 09:00:00,1766.31,0.7071067811865476,-0.7071067811865475,19,98.027609375,90.6461961722488,2.649833333333333,83.86500000000001
2024-05-19 10:00:00,1924.95,0.4999999999999999,-0.8660254037844387,19,98.027609375,90.6461961722488,2.649833333333333,83.86500000000001
2024-05-19 11:00:00,1957.4,0.258819045102521,-0.9659258262890682,19,98.027609375,90.6461961722488,2.649833333333333,83.86500000000001
2024-05-19 12:00:00,1915.82,1.2246467991473532e-16,-1.0,19,98.027609375,90.6461961722488,2.649833333333333,83.86500000000001
2024-05-19 13:00:00,1910.55,-0.2588190451025208,-0.9659258262890684,19,98.027609375,90.6461961722488,2.649833333333333,83.86500000000001
2024-05-19 14:00:00,1906.14,-0.4999999999999997,-0.8660254037844388,19,98.027609375,90.6461961722488,2.649833333333333,83.86500000000001
2024-05-19 15:00:00,1893.36,-0.7071067811865471,-0.7071067811865479,19,98.027609375,90.6461961722488,2.649833333333333,83.86500000000001
2024-05-19 16:00:00,1852.86,-0.8660254037844385,-0.5000000000000004,19,98.027609375,90.6461961722488,2.649833333333333,83.86500000000001
2024-05-19 17:00:00,1863.83,-0.9659258262890684,-0.2588190451025206,19,98.027609375,90.6461961722488,2.649833333333333,83.86500000000001
2024-05-19 18:00:00,1925.95,-1.0,-1.8369701987210287e-16,19,98.027609375,90.6461961722488,2.63,83.86500000000001
2024-05-19 19:00:00,1985.95,-0.9659258262890684,0.2588190451025203,19,98.027609375,90.6461961722488,2.634,83.86500000000001
2024-05-19 20:00:00,2069.35,-0.8660254037844386,0.5000000000000001,19,98.027609375,90.6461961722488,2.649,83.86500000000001
2024-05-19 21:00:00,2017.09,-0.7071067811865477,0.7071067811865474,19,98.027609375,90.6461961722488,2.653,83.86500000000001
2024-05-19 22:00:00,1858.38,-0.5000000000000004,0.8660254037844384,19,98.027609375,90.6461961722488,2.664,83.95
2024-05-19 23:00:00,1480.73,-0.2588190451025215,0.965925826289068,19,98.027609375,90.6461961722488,2.669,83.78
2024-05-20 00:00:00,1294.72,0.0,1.0,20,98.71,90.76431818181818,2.674,83.97
2024-05-20 01:00:00,1145.9,0.2588190451025207,0.9659258262890684,20,98.71,90.76431818181818,2.671,84.14
2024-05-20 02:00:00,1047.61,0.4999999999999999,0.8660254037844387,20,98.71,90.76431818181818,2.677,84.08
2024-05-20 03:00:00,1029.62,0.7071067811865476,0.7071067811865476,20,98.71,90.76431818181818,2.649,84.11
2024-05-20 04:00:00,1023.69,0.8660254037844386,0.5000000000000001,20,98.71,90.76431818181818,2.634,84.06
2024-05-20 05:00:00,1119.42,0.9659258262890684,0.2588190451025207,20,98.71,90.76431818181818,2.642,84.32
2024-05-20 06:00:00,1305.86,1.0,6.123233995736766e-17,20,98.71,90.76431818181818,2.645,84.42
2024-05-20 07:00:00,1656.49,0.9659258262890684,-0.2588190451025206,20,99.065,91.0525,2.659,84.38
2024-05-20 08:00:00,1941.2,0.8660254037844387,-0.4999999999999998,20,99.1425,91.06,2.666,84.02
2024-05-20 09:00:00,2067.69,0.7071067811865476,-0.7071067811865475,20,98.97,90.9475,2.705,83.75
2024-05-20 10:00:00,2073.08,0.4999999999999999,-0.8660254037844387,20,98.6525,90.7225,2.72,83.81
2024-05-20 11:00:00,2052.22,0.258819045102521,-0.9659258262890682,20,98.6375,90.6675,2.705,83.78
2024-05-20 12:00:00,2031.74,1.2246467991473532e-16,-1.0,20,98.43,90.58,2.717,83.45
2024-05-20 13:00:00,2062.94,-0.2588190451025208,-0.9659258262890684,20,98.46,90.4925,2.729,83.96
2024-05-20 14:00:00,2004.0,-0.4999999999999997,-0.8660254037844388,20,98.3225,90.61,2.745,83.91
2024-05-20 15:00:00,1976.15,-0.7071067811865471,-0.7071067811865479,20,98.71,90.685,2.751,83.65
2024-05-20 16:00:00,1976.46,-0.8660254037844385,-0.5000000000000004,20,98.71,90.7425,2.738,83.44
2024-05-20 17:00:00,2006.18,-0.9659258262890684,-0.2588190451025206,20,98.71,90.8475,2.704217391304348,83.28
2024-05-20 18:00:00,1976.29,-1.0,-1.8369701987210287e-16,20,98.71,90.76431818181818,2.758,83.71
2024-05-20 19:00:00,1886.39,-0.9659258262890684,0.2588190451025203,20,98.71,90.76431818181818,2.751,83.69
2024-05-20 20:00:00,1935.14,-0.8660254037844386,0.5000000000000001,20,98.71,90.76431818181818,2.741,83.67
2024-05-20 21:00:00,1937.76,-0.7071067811865477,0.7071067811865474,20,98.71,90.76431818181818,2.743,83.71
2024-05-20 22:00:00,1549.05,-0.5000000000000004,0.8660254037844384,20,98.71,90.76431818181818,2.74,83.8704347826087
2024-05-20 23:00:00,1310.6,-0.2588190451025215,0.965925826289068,20,98.71,90.76431818181818,2.737,83.71
2024-05-21 00:00:00,1256.77,0.0,1.0,21,98.3140625,90.42068181818182,2.738,83.59
2024-05-21 01:00:00,1128.96,0.2588190451025207,0.9659258262890684,21,98.3140625,90.42068181818182,2.741,83.48
2024-05-21 02:00:00,1019.6,0.4999999999999999,0.8660254037844387,21,98.3140625,90.42068181818182,2.736,83.19
2024-05-21 03:00:00,937.23,0.7071067811865476,0.7071067811865476,21,98.3140625,90.42068181818182,2.767,83.29
2024-05-21 04:00:00,986.91,0.8660254037844386,0.5000000000000001,21,98.3140625,90.42068181818182,2.76,83.19
2024-05-21 05:00:00,1110.11,0.9659258262890684,0.2588190451025207,21,98.3140625,90.42068181818182,2.762,83.22
2024-05-21 06:00:00,1313.65,1.0,6.123233995736766e-17,21,98.3140625,90.42068181818182,2.796,83.11
2024-05-21 07:00:00,1491.01,0.9659258262890684,-0.2588190451025206,21,98.5675,90.775,2.745,83.02
2024-05-21 08:00:00,1815.48,0.8660254037844387,-0.4999999999999998,21,98.4775,90.6125,2.686,83.11
2024-05-21 09:00:00,1903.15,0.7071067811865476,-0.7071067811865475,21,98.15,90.3025,2.722,82.92
2024-05-21 10:00:00,1920.17,0.4999999999999999,-0.8660254037844387,21,98.1925,90.3475,2.729,82.49
2024-05-21 11:00:00,1849.4,0.258819045102521,-0.9659258262890682,21,98.305,90.395,2.708,82.26
2024-05-21 12:00:00,1681.5,1.2246467991473532e-16,-1.0,21,98.355,90.385,2.713,82.57
2024-05-21 13:00:00,1892.79,-0.2588190451025208,-0.9659258262890684,21,98.3425,90.45,2.674,82.75
2024-05-21 14:00:00,1873.62,-0.4999999999999997,-0.8660254037844388,21,98.1225,90.375,2.671,83.03
2024-05-21 15:00:00,1654.92,-0.7071067811865471,-0.7071067811865479,21,98.3140625,90.38,2.685,82.41
2024-05-21 16:00:00,1790.35,-0.8660254037844385,-0.5000000000000004,21,98.3140625,90.21,2.659,82.8
2024-05-21 17:00:00,1784.52,-0.9659258262890684,-0.2588190451025206,21,98.3140625,90.395,2.7015217391304347,82.98
2024-05-21 18:00:00,1801.12,-1.0,-1.8369701987210287e-16,21,98.3140625,90.42068181818182,2.667,82.87
2024-05-21 19:00:00,1726.85,-0.9659258262890684,0.2588190451025203,21,98.3140625,90.42068181818182,2.667,82.87
2024-05-21 20:00:00,1778.27,-0.8660254037844386,0.5000000000000001,21,98.3140625,90.42068181818182,2.633,82.5
2024-05-21 21:00:00,1851.72,-0.7071067811865477,0.7071067811865474,21,98.3140625,90.42068181818182,2.633,82.53
2024-05-21 22:00:00,1573.01,-0.5000000000000004,0.8660254037844384,21,98.3140625,90.42068181818182,2.622,82.9004347826087
2024-05-21 23:00:00,1282.62,-0.2588190451025215,0.965925826289068,21,98.3140625,90.42068181818182,2.621,82.53
2024-05-22 00:00:00,1152.77,0.0,1.0,22,97.81375,90.07045454545454,2.616,82.33
2024-05-22 01:00:00,984.87,0.2588190451025207,0.9659258262890684,22,97.81375,90.07045454545454,2.622,82.3
2024-05-22 02:00:00,876.18,0.4999999999999999,0.8660254037844387,22,97.81375,90.07045454545454,2.648,82.27
2024-05-22 03:00:00,836.26,0.7071067811865476,0.7071067811865476,22,97.81375,90.07045454545454,2.634,82.31
2024-05-22 04:00:00,841.02,0.8660254037844386,0.5000000000000001,22,97.81375,90.07045454545454,2.638,82.28
2024-05-22 05:00:00,990.47,0.9659258262890684,0.2588190451025207,22,97.81375,90.07045454545454,2.635,82.32
2024-05-22 06:00:00,1248.94,1.0,6.123233995736766e-17,22,97.81375,90.07045454545454,2.639,82.07
2024-05-22 07:00:00,1467.6,0.9659258262890684,-0.2588190451025206,22,97.8825,90.0525,2.656,81.78
2024-05-22 08:00:00,1746.45,0.8660254037844387,-0.4999999999999998,22,97.85,90.0325,2.654,82.12
2024-05-22 09:00:00,2051.76,0.7071067811865476,-0.7071067811865475,22,97.7025,89.8825,2.67,82.26
2024-05-22 10:00:00,2055.66,0.4999999999999999,-0.8660254037844387,22,97.8975,90.1,2.711,82.49
2024-05-22 11:00:00,2059.89,0.258819045102521,-0.9659258262890682,22,97.89,90.1225,2.767,81.95
2024-05-22 12:00:00,2053.61,1.2246467991473532e-16,-1.0,22,97.855,90.145,2.774,82.09
2024-05-22 13:00:00,2076.47,-0.2588190451025208,-0.9659258262890684,22,97.79,90.12,2.827,81.93
2024-05-22 14:00:00,2062.1,-0.4999999999999997,-0.8660254037844388,22,97.6425,90.12,2.787,82.42
2024-05-22 15:00:00,2040.42,-0.7071067811865471,-0.7071067811865479,22,97.81375,90.04,2.799,82.0
2024-05-22 16:00:00,2008.77,-0.8660254037844385,-0.5000000000000004,22,97.81375,90.21,2.798,82.36
2024-05-22 17:00:00,1925.29,-0.9659258262890684,-0.2588190451025206,22,97.81375,89.95,2.721826086956522,82.03
2024-05-22 18:00:00,1791.78,-1.0,-1.8369701987210287e-16,22,97.81375,90.07045454545454,2.785,81.7
2024-05-22 19:00:00,1712.29,-0.9659258262890684,0.2588190451025203,22,97.81375,90.07045454545454,2.777,81.68
2024-05-22 20:00:00,1744.5,-0.8660254037844386,0.5000000000000001,22,97.81375,90.07045454545454,2.792,81.63
2024-05-22 21:00:00,1797.0,-0.7071067811865477,0.7071067811865474,22,97.81375,90.07045454545454,2.785,81.74
2024-05-22 22:00:00,1500.95,-0.5000000000000004,0.8660254037844384,22,97.81375,90.07045454545454,2.784,82.07826086956521
2024-05-22 23:00:00,1249.41,-0.2588190451025215,0.965925826289068,22,97.81375,90.07045454545454,2.804,81.74
2024-05-23 00:00:00,1267.27,0.0,1.0,23,97.8209375,90.1540909090909,2.808,81.51
2024-05-23 01:00:00,1106.36,0.2588190451025207,0.9659258262890684,23,97.8209375,90.1540909090909,2.81,81.31
2024-05-23 02:00:00,1027.13,0.4999999999999999,0.8660254037844387,23,97.8209375,90.1540909090909,2.813,81.45
2024-05-23 03:00:00,993.82,0.7071067811865476,0.7071067811865476,23,97.8209375,90.1540909090909,2.787,81.56
2024-05-23 04:00:00,914.98,0.8660254037844386,0.5000000000000001,23,97.8209375,90.1540909090909,2.795,81.5
2024-05-23 05:00:00,1057.96,0.9659258262890684,0.2588190451025207,23,97.8209375,90.1540909090909,2.807,81.37
2024-05-23 06:00:00,1464.81,1.0,6.123233995736766e-17,23,97.8209375,90.1540909090909,2.832,81.71
2024-05-23 07:00:00,1505.64,0.9659258262890684,-0.2588190451025206,23,97.8125,90.1825,2.798,81.73
2024-05-23 08:00:00,1846.8,0.8660254037844387,-0.4999999999999998,23,97.725,90.2125,2.865,81.99
2024-05-23 09:00:00,2047.49,0.7071067811865476,-0.7071067811865475,23,97.78,90.2475,2.853,82.45
2024-05-23 10:00:00,2057.52,0.4999999999999999,-0.8660254037844387,23,97.79,90.2175,2.771,82.55
2024-05-23 11:00:00,2071.0,0.258819045102521,-0.9659258262890682,23,97.84,90.2225,2.834,82.44
2024-05-23 12:00:00,2067.57,1.2246467991473532e-16,-1.0,23,97.88,90.2025,2.741,82.74
2024-05-23 13:00:00,2106.33,-0.2588190451025208,-0.9659258262890684,23,97.9175,90.22,2.672,82.63
2024-05-23 14:00:00,2100.68,-0.4999999999999997,-0.8660254037844388,23,97.8225,90.105,2.679,81.86
2024-05-23 15:00:00,2099.0,-0.7071067811865471,-0.7071067811865479,23,97.8209375,90.135,2.678,81.36
2024-05-23 16:00:00,2077.38,-0.8660254037844385,-0.5000000000000004,23,97.8209375,90.0,2.668,81.29
2024-05-23 17:00:00,2044.16,-0.9659258262890684,-0.2588190451025206,23,97.8209375,89.95,2.816565217391304,81.07
2024-05-23 18:00:00,1949.67,-1.0,-1.8369701987210287e-16,23,97.8209375,90.1540909090909,2.92,81.36
2024-05-23 19:00:00,1788.73,-0.9659258262890684,0.2588190451025203,23,97.8209375,90.1540909090909,2.909,81.35
2024-05-23 20:00:00,1756.25,-0.8660254037844386,0.5000000000000001,23,97.8209375,90.1540909090909,2.92,81.48
2024-05-23 21:00:00,1895.14,-0.7071067811865477,0.7071067811865474,23,97.8209375,90.1540909090909,2.938,81.51
2024-05-23 22:00:00,1564.38,-0.5000000000000004,0.8660254037844384,23,97.8209375,90.1540909090909,2.944,81.72739130434783
2024-05-23 23:00:00,1505.63,-0.2588190451025215,0.965925826289068,23,97.8209375,90.1540909090909,2.939,81.51
2024-05-24 00:00:00,1376.91,0.0,1.0,24,97.0665625,89.54795454545454,2.953,81.32
2024-05-24 01:00:00,1142.06,0.2588190451025207,0.9659258262890684,24,97.0665625,89.54795454545454,2.958,81.48
2024-05-24 02:00:00,1057.59,0.4999999999999999,0.8660254037844387,24,97.0665625,89.54795454545454,2.952,81.49
2024-05-24 03:00:00,1010.58,0.7071067811865476,0.7071067811865476,24,97.0665625,89.54795454545454,2.95,81.4
2024-05-24 04:00:00,940.05,0.8660254037844386,0.5000000000000001,24,97.0665625,89.54795454545454,2.936,81.38
2024-05-24 05:00:00,1141.68,0.9659258262890684,0.2588190451025207,24,97.0665625,89.54795454545454,2.936,81.39
2024-05-24 06:00:00,1433.47,1.0,6.123233995736766e-17,24,97.0665625,89.54795454545454,2.928,81.31
2024-05-24 07:00:00,1706.69,0.9659258262890684,-0.2588190451025206,24,97.32,89.98,2.873,81.28
2024-05-24 08:00:00,2117.88,0.8660254037844387,-0.4999999999999998,24,97.275,89.91,2.835,81.07
2024-05-24 09:00:00,2195.09,0.7071067811865476,-0.7071067811865475,24,97.06,89.675,2.841,80.77
2024-05-24 10:00:00,2208.11,0.4999999999999999,-0.8660254037844387,24,96.765,89.5375,2.846,80.88
2024-05-24 11:00:00,2233.53,0.258819045102521,-0.9659258262890682,24,96.96,89.53,2.835,81.1
2024-05-24 12:00:00,2298.1,1.2246467991473532e-16,-1.0,24,96.9475,89.51,2.807,81.21
2024-05-24 13:00:00,2357.79,-0.2588190451025208,-0.9659258262890684,24,97.0125,89.4625,2.815,81.68
2024-05-24 14:00:00,2348.04,-0.4999999999999997,-0.8660254037844388,24,97.1925,89.5675,2.785,81.83
2024-05-24 15:00:00,2327.97,-0.7071067811865471,-0.7071067811865479,24,97.0665625,89.4025,2.778,82.18
2024-05-24 16:00:00,2310.12,-0.8660254037844385,-0.5000000000000004,24,97.0665625,89.2025,2.761,82.18
2024-05-24 17:00:00,2188.46,-0.9659258262890684,-0.2588190451025206,24,97.0665625,89.25,2.869941176470588,82.22
2024-05-24 18:00:00,2088.35,-1.0,-1.8369701987210287e-16,24,97.0665625,89.54795454545454,2.869941176470588,82.19
2024-05-24 19:00:00,2003.84,-0.9659258262890684,0.2588190451025203,24,97.0665625,89.54795454545454,2.869941176470588,82.13
2024-05-24 20:00:00,1996.18,-0.8660254037844386,0.5000000000000001,24,97.0665625,89.54795454545454,2.869941176470588,82.17
2024-05-24 21:00:00,2072.05,-0.7071067811865477,0.7071067811865474,24,97.0665625,89.54795454545454,2.869941176470588,82.09
2024-05-24 22:00:00,2070.83,-0.5000000000000004,0.8660254037844384,24,97.0665625,89.54795454545454,2.869941176470588,81.57954545454545
2024-05-24 23:00:00,1704.35,-0.2588190451025215,0.965925826289068,24,97.0665625,89.54795454545454,2.869941176470588,81.57954545454545
2024-05-25 00:00:00,1827.87,0.0,1.0,25,98.027609375,90.6461961722488,2.454243761996161,83.14148007590134
2024-05-25 01:00:00,1635.03,0.2588190451025207,0.9659258262890684,25,98.027609375,90.6461961722488,2.454243761996161,83.14148007590134
2024-05-25 02:00:00,1572.12,0.4999999999999999,0.8660254037844387,25,98.027609375,90.6461961722488,2.454243761996161,83.14148007590134
2024-05-25 03:00:00,1513.38,0.7071067811865476,0.7071067811865476,25,98.027609375,90.6461961722488,2.454243761996161,83.14148007590134
2024-05-25 04:00:00,1329.56,0.8660254037844386,0.5000000000000001,25,98.027609375,90.6461961722488,2.454243761996161,83.14148007590134
2024-05-25 05:00:00,1367.47,0.9659258262890684,0.2588190451025207,25,98.027609375,90.6461961722488,2.454243761996161,83.14148007590134
2024-05-25 06:00:00,1422.49,1.0,6.123233995736766e-17,25,98.027609375,90.6461961722488,2.454243761996161,83.14148007590134
2024-05-25 07:00:00,1605.09,0.9659258262890684,-0.2588190451025206,25,98.027609375,90.6461961722488,2.454243761996161,83.14148007590134
2024-05-25 08:00:00,2034.15,0.8660254037844387,-0.4999999999999998,25,98.027609375,90.6461961722488,2.454243761996161,83.14148007590134
2024-05-25 09:00:00,2079.46,0.7071067811865476,-0.7071067811865475,25,98.027609375,90.6461961722488,2.454243761996161,83.14148007590134
2024-05-25 10:00:00,2206.27,0.4999999999999999,-0.8660254037844387,25,98.027609375,90.6461961722488,2.454243761996161,83.14148007590134
2024-05-25 11:00:00,2203.9,0.258819045102521,-0.9659258262890682,25,98.027609375,90.6461961722488,2.454243761996161,83.14148007590134
2024-05-25 12:00:00,2280.0,1.2246467991473532e-16,-1.0,25,98.027609375,90.6461961722488,2.454243761996161,83.14148007590134
2024-05-25 13:00:00,2304.52,-0.2588190451025208,-0.9659258262890684,25,98.027609375,90.6461961722488,2.454243761996161,83.14148007590134
2024-05-25 14:00:00,2283.81,-0.4999999999999997,-0.8660254037844388,25,98.027609375,90.6461961722488,2.454243761996161,83.14148007590134
2024-05-25 15:00:00,2203.62,-0.7071067811865471,-0.7071067811865479,25,98.027609375,90.6461961722488,2.454243761996161,83.14148007590134
2024-05-25 16:00:00,2203.54,-0.8660254037844385,-0.5000000000000004,25,98.027609375,90.6461961722488,2.454243761996161,83.14148007590134
2024-05-25 17:00:00,2085.71,-0.9659258262890684,-0.2588190451025206,25,98.027609375,90.6461961722488,2.454243761996161,83.14148007590134
2024-05-25 18:00:00,2067.24,-1.0,-1.8369701987210287e-16,25,98.027609375,90.6461961722488,2.454243761996161,83.14148007590134
2024-05-25 19:00:00,2062.17,-0.9659258262890684,0.2588190451025203,25,98.027609375,90.6461961722488,2.454243761996161,83.14148007590134
2024-05-25 20:00:00,2060.29,-0.8660254037844386,0.5000000000000001,25,98.027609375,90.6461961722488,2.454243761996161,83.14148007590134
2024-05-25 21:00:00,2139.08,-0.7071067811865477,0.7071067811865474,25,98.027609375,90.6461961722488,2.454243761996161,83.14148007590134
2024-05-25 22:00:00,2019.83,-0.5000000000000004,0.8660254037844384,25,98.027609375,90.6461961722488,2.454243761996161,83.14148007590134
2024-05-25 23:00:00,1749.86,-0.2588190451025215,0.965925826289068,25,98.027609375,90.6461961722488,2.454243761996161,83.14148007590134
2024-05-26 00:00:00,1537.06,0.0,1.0,26,98.027609375,90.6461961722488,2.751,82.205
2024-05-26 01:00:00,1502.68,0.2588190451025207,0.9659258262890684,26,98.027609375,90.6461961722488,2.751,82.205
2024-05-26 02:00:00,1437.97,0.4999999999999999,0.8660254037844387,26,98.027609375,90.6461961722488,2.751,82.205
2024-05-26 03:00:00,1308.08,0.7071067811865476,0.7071067811865476,26,98.027609375,90.6461961722488,2.751,82.205
2024-05-26 04:00:00,1142.47,0.8660254037844386,0.5000000000000001,26,98.027609375,90.6461961722488,2.751,82.205
2024-05-26 05:00:00,1284.55,0.9659258262890684,0.2588190451025207,26,98.027609375,90.6461961722488,2.751,82.205
2024-05-26 06:00:00,1092.9,1.0,6.123233995736766e-17,26,98.027609375,90.6461961722488,2.751,82.205
2024-05-26 07:00:00,1455.44,0.9659258262890684,-0.2588190451025206,26,98.027609375,90.6461961722488,2.751,82.205
2024-05-26 08:00:00,1728.64,0.8660254037844387,-0.4999999999999998,26,98.027609375,90.6461961722488,2.751,82.205
2024-05-26 09:00:00,2062.56,0.7071067811865476,-0.7071067811865475,26,98.027609375,90.6461961722488,2.751,82.205
2024-05-26 10:00:00,2083.45,0.4999999999999999,-0.8660254037844387,26,98.027609375,90.6461961722488,2.751,82.205
2024-05-26 11:00:00,2088.06,0.258819045102521,-0.9659258262890682,26,98.027609375,90.6461961722488,2.751,82.205
2024-05-26 12:00:00,2087.66,1.2246467991473532e-16,-1.0,26,98.027609375,90.6461961722488,2.751,82.205
2024-05-26 13:00:00,2117.72,-0.2588190451025208,-0.9659258262890684,26,98.027609375,90.6461961722488,2.751,82.205
2024-05-26 14:00:00,2118.2,-0.4999999999999997,-0.8660254037844388,26,98.027609375,90.6461961722488,2.751,82.205
2024-05-26 15:00:00,2086.2,-0.7071067811865471,-0.7071067811865479,26,98.027609375,90.6461961722488,2.751,82.205
2024-05-26 16:00:00,2057.43,-0.8660254037844385,-0.5000000000000004,26,98.027609375,90.6461961722488,2.751,82.205
2024-05-26 17:00:00,2055.14,-0.9659258262890684,-0.2588190451025206,26,98.027609375,90.6461961722488,2.751,82.205
2024-05-26 18:00:00,1999.92,-1.0,-1.8369701987210287e-16,26,98.027609375,90.6461961722488,2.744,82.205
2024-05-26 19:00:00,2021.3,-0.9659258262890684,0.2588190451025203,26,98.027609375,90.6461961722488,2.747,82.205
2024-05-26 20:00:00,2053.44,-0.8660254037844386,0.5000000000000001,26,98.027609375,90.6461961722488,2.754,82.205
2024-05-26 21:00:00,2042.51,-0.7071067811865477,0.7071067811865474,26,98.027609375,90.6461961722488,2.755,82.205
2024-05-26 22:00:00,1955.62,-0.5000000000000004,0.8660254037844384,26,98.027609375,90.6461961722488,2.756,82.21
2024-05-26 23:00:00,1509.01,-0.2588190451025215,0.965925826289068,26,98.027609375,90.6461961722488,2.75,82.2
2024-05-27 00:00:00,1213.24,0.0,1.0,27,96.54625,90.6461961722488,2.753,82.23
2024-05-27 01:00:00,1123.87,0.2588190451025207,0.9659258262890684,27,96.54625,90.6461961722488,2.754,82.27
2024-05-27 02:00:00,944.41,0.4999999999999999,0.8660254037844387,27,96.54625,90.6461961722488,2.766,82.24
2024-05-27 03:00:00,882.35,0.7071067811865476,0.7071067811865476,27,96.54625,90.6461961722488,2.78,82.29
2024-05-27 04:00:00,819.76,0.8660254037844386,0.5000000000000001,27,96.54625,90.6461961722488,2.781,82.34
2024-05-27 05:00:00,1008.33,0.9659258262890684,0.2588190451025207,27,96.54625,90.6461961722488,2.785,82.35
2024-05-27 06:00:00,1169.67,1.0,6.123233995736766e-17,27,96.54625,90.6461961722488,2.76,82.34
2024-05-27 07:00:00,1455.6,0.9659258262890684,-0.2588190451025206,27,97.2275,90.6461961722488,2.773,82.21
2024-05-27 08:00:00,1816.16,0.8660254037844387,-0.4999999999999998,27,97.095,90.6461961722488,2.798,82.29
2024-05-27 09:00:00,2015.07,0.7071067811865476,-0.7071067811865475,27,96.83,90.6461961722488,2.837,82.55
2024-05-27 10:00:00,2019.89,0.4999999999999999,-0.8660254037844387,27,96.3825,90.6461961722488,2.839,82.66
2024-05-27 11:00:00,1981.01,0.258819045102521,-0.9659258262890682,27,96.08,90.6461961722488,2.806,82.68
2024-05-27 12:00:00,1931.87,1.2246467991473532e-16,-1.0,27,96.1275,90.6461961722488,2.809,82.68
2024-05-27 13:00:00,2021.12,-0.2588190451025208,-0.9659258262890684,27,96.2575,90.6461961722488,2.823,82.84
2024-05-27 14:00:00,2040.39,-0.4999999999999997,-0.8660254037844388,27,96.37,90.6461961722488,2.8,82.83
2024-05-27 15:00:00,2008.77,-0.7071067811865471,-0.7071067811865479,27,96.54625,90.6461961722488,2.7883809523809524,83.1
2024-05-27 16:00:00,1970.15,-0.8660254037844385,-0.5000000000000004,27,96.54625,90.6461961722488,2.7883809523809524,83.08
2024-05-27 17:00:00,1906.91,-0.9659258262890684,-0.2588190451025206,27,96.54625,90.6461961722488,2.7883809523809524,83.04
2024-05-27 18:00:00,1854.59,-1.0,-1.8369701987210287e-16,27,96.54625,90.6461961722488,2.788,82.58210526315789
2024-05-27 19:00:00,1795.6,-0.9659258262890684,0.2588190451025203,27,96.54625,90.6461961722488,2.779,82.58210526315789
2024-05-27 20:00:00,1806.53,-0.8660254037844386,0.5000000000000001,27,96.54625,90.6461961722488,2.792,82.58210526315789
2024-05-27 21:00:00,1755.98,-0.7071067811865477,0.7071067811865474,27,96.54625,90.6461961722488,2.787,82.58210526315789
2024-05-27 22:00:00,1447.43,-0.5000000000000004,0.8660254037844384,27,96.54625,90.6461961722488,2.775,82.58210526315789
2024-05-27 23:00:00,1280.35,-0.2588190451025215,0.965925826289068,27,96.54625,90.6461961722488,2.771,83.04
2024-05-28 00:00:00,608.946,0.0,1.0,28,96.233125,88.47295454545453,2.773,83.09
2024-05-28 01:00:00,608.946,0.2588190451025207,0.9659258262890684,28,96.233125,88.47295454545453,2.763,83.15
2024-05-28 02:00:00,608.946,0.4999999999999999,0.8660254037844387,28,96.233125,88.47295454545453,2.759,83.27
2024-05-28 03:00:00,608.946,0.7071067811865476,0.7071067811865476,28,96.233125,88.47295454545453,2.749,83.31
2024-05-28 04:00:00,608.946,0.8660254037844386,0.5000000000000001,28,96.233125,88.47295454545453,2.754,83.27
2024-05-28 05:00:00,833.56,0.9659258262890684,0.2588190451025207,28,96.233125,88.47295454545453,2.739,83.18
2024-05-28 06:00:00,1230.69,1.0,6.123233995736766e-17,28,96.233125,88.47295454545453,2.743,83.07
2024-05-28 07:00:00,1518.39,0.9659258262890684,-0.2588190451025206,28,96.3775,88.61,2.759,83.15
2024-05-28 08:00:00,1695.87,0.8660254037844387,-0.4999999999999998,28,96.3525,88.575,2.775,83.19
2024-05-28 09:00:00,1989.8,0.7071067811865476,-0.7071067811865475,28,96.16,88.415,2.776,83.17
2024-05-28 10:00:00,1986.18,0.4999999999999999,-0.8660254037844387,28,96.03,88.2475,2.765,83.27
2024-05-28 11:00:00,1981.69,0.258819045102521,-0.9659258262890682,28,96.09,88.345,2.793,83.17
2024-05-28 12:00:00,1921.03,1.2246467991473532e-16,-1.0,28,96.1475,88.3,2.803,83.34
2024-05-28 13:00:00,2020.1,-0.2588190451025208,-0.9659258262890684,28,96.2975,88.4675,2.833,83.54
2024-05-28 14:00:00,2055.51,-0.4999999999999997,-0.8660254037844388,28,96.41,88.5225,2.815,83.71
2024-05-28 15:00:00,2055.74,-0.7071067811865471,-0.7071067811865479,28,96.233125,88.6475,2.829,84.11
2024-05-28 16:00:00,2004.98,-0.8660254037844385,-0.5000000000000004,28,96.233125,88.57,2.839,84.2
2024-05-28 17:00:00,1966.96,-0.9659258262890684,-0.2588190451025206,28,96.233125,88.5025,2.7933913043478262,84.06
2024-05-28 18:00:00,1898.15,-1.0,-1.8369701987210287e-16,28,96.233125,88.47295454545453,2.835,84.44
2024-05-28 19:00:00,1792.29,-0.9659258262890684,0.2588190451025203,28,96.233125,88.47295454545453,2.843,84.47
2024-05-28 20:00:00,1807.25,-0.8660254037844386,0.5000000000000001,28,96.233125,88.47295454545453,2.827,84.61
2024-05-28 21:00:00,1782.84,-0.7071067811865477,0.7071067811865474,28,96.233125,88.47295454545453,2.824,84.6
2024-05-28 22:00:00,1486.46,-0.5000000000000004,0.8660254037844384,28,96.233125,88.47295454545453,2.826,83.65086956521739
2024-05-28 23:00:00,1290.6,-0.2588190451025215,0.965925826289068,28,96.233125,88.47295454545453,2.826,84.6
2024-05-29 00:00:00,1151.93,0.0,1.0,29,96.6265625,89.14181818181818,2.829,84.49
2024-05-29 01:00:00,1008.39,0.2588190451025207,0.9659258262890684,29,96.6265625,89.14181818181818,2.831,84.37
2024-05-29 02:00:00,804.93,0.4999999999999999,0.8660254037844387,29,96.6265625,89.14181818181818,2.831,84.39
2024-05-29 03:00:00,697.57,0.7071067811865476,0.7071067811865476,29,96.6265625,89.14181818181818,2.828,84.42
2024-05-29 04:00:00,684.12,0.8660254037844386,0.5000000000000001,29,96.6265625,89.14181818181818,2.82,84.43
2024-05-29 05:00:00,977.99,0.9659258262890684,0.2588190451025207,29,96.6265625,89.14181818181818,2.796,84.41
2024-05-29 06:00:00,1115.45,1.0,6.123233995736766e-17,29,96.6265625,89.14181818181818,2.802,84.51
2024-05-29 07:00:00,1377.97,0.9659258262890684,-0.2588190451025206,29,96.095,88.5675,2.762,84.54
2024-05-29 08:00:00,1676.12,0.8660254037844387,-0.4999999999999998,29,96.215,88.6725,2.755,84.91
2024-05-29 09:00:00,1980.85,0.7071067811865476,-0.7071067811865475,29,96.5675,88.95,2.706,84.95
2024-05-29 10:00:00,1924.53,0.4999999999999999,-0.8660254037844387,29,96.71,89.1,2.696,84.84
2024-05-29 11:00:00,1864.42,0.258819045102521,-0.9659258262890682,29,96.61,89.065,2.669,84.8
2024-05-29 12:00:00,1855.31,1.2246467991473532e-16,-1.0,29,96.9075,89.24,2.671,84.47
2024-05-29 13:00:00,1877.4,-0.2588190451025208,-0.9659258262890684,29,97.2075,89.55,2.683,84.15
2024-05-29 14:00:00,1887.99,-0.4999999999999997,-0.8660254037844388,29,96.7,89.3625,2.674,83.82
2024-05-29 15:00:00,1869.1,-0.7071067811865471,-0.7071067811865479,29,96.6265625,89.43,2.661,83.56
2024-05-29 16:00:00,1888.33,-0.8660254037844385,-0.5000000000000004,29,96.6265625,89.395,2.657,83.51
2024-05-29 17:00:00,1872.18,-0.9659258262890684,-0.2588190451025206,29,96.6265625,89.2275,2.722391304347826,83.63
2024-05-29 18:00:00,1898.51,-1.0,-1.8369701987210287e-16,29,96.6265625,89.14181818181818,2.66,83.42
2024-05-29 19:00:00,1796.78,-0.9659258262890684,0.2588190451025203,29,96.6265625,89.14181818181818,2.658,83.31
2024-05-29 20:00:00,1758.76,-0.8660254037844386,0.5000000000000001,29,96.6265625,89.14181818181818,2.658,83.53
2024-05-29 21:00:00,1722.05,-0.7071067811865477,0.7071067811865474,29,96.6265625,89.14181818181818,2.656,83.53
2024-05-29 22:00:00,1458.33,-0.5000000000000004,0.8660254037844384,29,96.6265625,89.14181818181818,2.656,84.15304347826087
2024-05-29 23:00:00,1293.89,-0.2588190451025215,0.965925826289068,29,96.6265625,89.14181818181818,2.656,83.53
2024-05-30 00:00:00,1114.39,0.0,1.0,30,96.9796875,89.735,2.656,83.53
2024-05-30 01:00:00,978.42,0.2588190451025207,0.9659258262890684,30,96.9796875,89.735,2.657,83.67
2024-05-30 02:00:00,834.72,0.4999999999999999,0.8660254037844387,30,96.9796875,89.735,2.659,83.55
2024-05-30 03:00:00,737.52,0.7071067811865476,0.7071067811865476,30,96.9796875,89.735,2.657,83.55
2024-05-30 04:00:00,743.94,0.8660254037844386,0.5000000000000001,30,96.9796875,89.735,2.652,83.49
2024-05-30 05:00:00,1022.32,0.9659258262890684,0.2588190451025207,30,96.9796875,89.735,2.644,83.31
2024-05-30 06:00:00,1112.39,1.0,6.123233995736766e-17,30,96.9796875,89.735,2.661,83.32
2024-05-30 07:00:00,1424.66,0.9659258262890684,-0.2588190451025206,30,96.6525,89.515,2.661,83.16
2024-05-30 08:00:00,1828.28,0.8660254037844387,-0.4999999999999998,30,96.8275,89.7025,2.624,83.53
2024-05-30 09:00:00,1956.93,0.7071067811865476,-0.7071067811865475,30,97.0,89.8175,2.597,83.2
2024-05-30 10:00:00,1888.18,0.4999999999999999,-0.8660254037844387,30,96.98,89.715,2.582,83.27
2024-05-30 11:00:00,1854.23,0.258819045102521,-0.9659258262890682,30,97.1625,89.74,2.602,83.31
2024-05-30 12:00:00,1837.3,1.2246467991473532e-16,-1.0,30,97.225,89.8575,2.613,83.02
2024-05-30 13:00:00,1881.64,-0.2588190451025208,-0.9659258262890684,30,97.0875,89.755,2.593,83.28
2024-05-30 14:00:00,1877.69,-0.4999999999999997,-0.8660254037844388,30,96.9025,89.675,2.568,83.06
2024-05-30 15:00:00,1881.43,-0.7071067811865471,-0.7071067811865479,30,96.9796875,89.7025,2.563,82.65
2024-05-30 16:00:00,1870.5,-0.8660254037844385,-0.5000000000000004,30,96.9796875,89.835,2.572,82.18
2024-05-30 17:00:00,1861.67,-0.9659258262890684,-0.2588190451025206,30,96.9796875,89.77,2.6042173913043483,81.89
2024-05-30 18:00:00,1912.17,-1.0,-1.8369701987210287e-16,30,96.9796875,89.735,2.562,82.03
2024-05-30 19:00:00,1846.61,-0.9659258262890684,0.2588190451025203,30,96.9796875,89.735,2.566,81.93
2024-05-30 20:00:00,1814.45,-0.8660254037844386,0.5000000000000001,30,96.9796875,89.735,2.554,81.93
2024-05-30 21:00:00,1793.07,-0.7071067811865477,0.7071067811865474,30,96.9796875,89.735,2.55,82.945
2024-05-30 22:00:00,1438.74,-0.5000000000000004,0.8660254037844384,30,96.9796875,89.735,2.553,82.945
2024-05-30 23:00:00,1252.33,-0.2588190451025215,0.965925826289068,30,96.9796875,89.735,2.551,81.93
2024-05-31 00:00:00,1094.61,0.0,1.0,31,97.59875,90.03090909090908,2.552,81.76
2024-05-31 01:00:00,885.57,0.2588190451025207,0.9659258262890684,31,97.59875,90.03090909090908,2.556,81.67
2024-05-31 02:00:00,825.44,0.4999999999999999,0.8660254037844387,31,97.59875,90.03090909090908,2.562,81.57
2024-05-31 03:00:00,736.5,0.7071067811865476,0.7071067811865476,31,97.59875,90.03090909090908,2.551,81.69
2024-05-31 04:00:00,1839.9483333333337,0.8660254037844386,0.5000000000000001,31,97.59875,90.03090909090908,2.55,81.73
2024-05-31 05:00:00,1839.9483333333337,0.9659258262890684,0.2588190451025207,31,97.59875,90.03090909090908,2.547,81.83
2024-05-31 06:00:00,1839.9483333333337,1.0,6.123233995736766e-17,31,97.59875,90.03090909090908,2.553,81.84
2024-05-31 07:00:00,1839.9483333333337,0.9659258262890684,-0.2588190451025206,31,97.5375,90.165,2.536,81.77
2024-05-31 08:00:00,1839.9483333333337,0.8660254037844387,-0.4999999999999998,31,97.615,90.1675,2.543,82.1
2024-05-31 09:00:00,1839.9483333333337,0.7071067811865476,-0.7071067811865475,31,97.7125,90.195,2.583,82.02
2024-05-31 10:00:00,1839.9483333333337,0.4999999999999999,-0.8660254037844387,31,97.495,90.055,2.564,81.99
2024-05-31 11:00:00,1839.9483333333337,0.258819045102521,-0.9659258262890682,31,97.69,90.08,2.556,82.0
2024-05-31 12:00:00,1839.9483333333337,1.2246467991473532e-16,-1.0,31,97.72,90.0775,2.564,82.55
2024-05-31 13:00:00,1839.9483333333337,-0.2588190451025208,-0.9659258262890684,31,97.715,90.05,2.571,81.89
2024-05-31 14:00:00,1839.9483333333337,-0.4999999999999997,-0.8660254037844388,31,97.305,89.955,2.591,81.36
2024-05-31 15:00:00,1839.9483333333337,-0.7071067811865471,-0.7071067811865479,31,97.59875,89.875,2.571,81.01
2024-05-31 16:00:00,1839.9483333333337,-0.8660254037844385,-0.5000000000000004,31,97.59875,89.89,2.581,81.42
2024-05-31 17:00:00,1839.9483333333337,-0.9659258262890684,-0.2588190451025206,31,97.59875,89.83,2.56064705882353,81.19
2024-05-31 18:00:00,1839.9483333333337,-1.0,-1.8369701987210287e-16,31,97.59875,90.03090909090908,2.56064705882353,81.21
2024-05-31 19:00:00,1839.9483333333337,-0.9659258262890684,0.2588190451025203,31,97.59875,90.03090909090908,2.56064705882353,81.3
2024-05-31 20:00:00,1839.9483333333337,-0.8660254037844386,0.5000000000000001,31,97.59875,90.03090909090908,2.56064705882353,81.33
2024-05-31 21:00:00,1839.9483333333337,-0.7071067811865477,0.7071067811865474,31,97.59875,90.03090909090908,2.56064705882353,81.37
2024-05-31 22:00:00,1697.12,-0.5000000000000004,0.8660254037844384,31,97.59875,90.03090909090908,2.56064705882353,81.66363636363637
2024-05-31 23:00:00,1371.31,-0.2588190451025215,0.965925826289068,31,97.59875,90.03090909090908,2.56064705882353,81.66363636363637
